country,year,feature,value
AFG,2010,hdi,0.448
AFG,2011,hdi,0.456
AFG,2012,hdi,0.466
AFG,2013,hdi,0.474
AFG,2014,hdi,0.479
AFG,2015,hdi,0.478
AFG,2016,hdi,0.481
AFG,2017,hdi,0.482
AFG,2018,hdi,0.483
AFG,2019,hdi,0.488
AFG,2010,hdi,0.448
AFG,2011,hdi,0.456
AFG,2012,hdi,0.466
AFG,2013,hdi,0.474
AFG,2014,hdi,0.479
AFG,2015,hdi,0.478
AFG,2016,hdi,0.481
AFG,2017,hdi,0.482
AFG,2018,hdi,0.483
AFG,2019,hdi,0.488
AFG,2020,hdi,0.483
AGO,2010,hdi,0.51
AGO,2011,hdi,0.526
AGO,2012,hdi,0.541
AGO,2013,hdi,0.552
AGO,2014,hdi,0.563
AGO,2015,hdi,0.582
AGO,2016,hdi,0.596
AGO,2017,hdi,0.597
AGO,2018,hdi,0.595
AGO,2019,hdi,0.595
AGO,2010,hdi,0.51
AGO,2011,hdi,0.526
AGO,2012,hdi,0.541
AGO,2013,hdi,0.552
AGO,2014,hdi,0.563
AGO,2015,hdi,0.582
AGO,2016,hdi,0.596
AGO,2017,hdi,0.597
AGO,2018,hdi,0.595
AGO,2019,hdi,0.595
AGO,2020,hdi,0.59
ALB,2010,hdi,0.754
ALB,2011,hdi,0.766
ALB,2012,hdi,0.778
ALB,2013,hdi,0.785
ALB,2014,hdi,0.792
ALB,2015,hdi,0.795
ALB,2016,hdi,0.798
ALB,2017,hdi,0.802
ALB,2018,hdi,0.806
ALB,2019,hdi,0.81
ALB,2010,hdi,0.754
ALB,2011,hdi,0.766
ALB,2012,hdi,0.778
ALB,2013,hdi,0.785
ALB,2014,hdi,0.792
ALB,2015,hdi,0.795
ALB,2016,hdi,0.798
ALB,2017,hdi,0.802
ALB,2018,hdi,0.806
ALB,2019,hdi,0.81
ALB,2020,hdi,0.794
AND,2010,hdi,0.848
AND,2011,hdi,0.849
AND,2012,hdi,0.869
AND,2013,hdi,0.864
AND,2014,hdi,0.871
AND,2015,hdi,0.867
AND,2016,hdi,0.871
AND,2017,hdi,0.868
AND,2018,hdi,0.872
AND,2019,hdi,0.873
AND,2010,hdi,0.848
AND,2011,hdi,0.849
AND,2012,hdi,0.869
AND,2013,hdi,0.864
AND,2014,hdi,0.871
AND,2015,hdi,0.867
AND,2016,hdi,0.871
AND,2017,hdi,0.868
AND,2018,hdi,0.872
AND,2019,hdi,0.873
AND,2020,hdi,0.848
ARE,2010,hdi,0.835
ARE,2011,hdi,0.84
ARE,2012,hdi,0.846
ARE,2013,hdi,0.852
ARE,2014,hdi,0.859
ARE,2015,hdi,0.865
ARE,2016,hdi,0.87
ARE,2017,hdi,0.897
ARE,2018,hdi,0.909
ARE,2019,hdi,0.92
ARE,2010,hdi,0.835
ARE,2011,hdi,0.84
ARE,2012,hdi,0.846
ARE,2013,hdi,0.852
ARE,2014,hdi,0.859
ARE,2015,hdi,0.865
ARE,2016,hdi,0.87
ARE,2017,hdi,0.897
ARE,2018,hdi,0.909
ARE,2019,hdi,0.92
ARE,2020,hdi,0.912
ARG,2010,hdi,0.834
ARG,2011,hdi,0.841
ARG,2012,hdi,0.843
ARG,2013,hdi,0.845
ARG,2014,hdi,0.846
ARG,2015,hdi,0.848
ARG,2016,hdi,0.847
ARG,2017,hdi,0.851
ARG,2018,hdi,0.85
ARG,2019,hdi,0.852
ARG,2010,hdi,0.834
ARG,2011,hdi,0.841
ARG,2012,hdi,0.843
ARG,2013,hdi,0.845
ARG,2014,hdi,0.846
ARG,2015,hdi,0.848
ARG,2016,hdi,0.847
ARG,2017,hdi,0.851
ARG,2018,hdi,0.85
ARG,2019,hdi,0.852
ARG,2020,hdi,0.84
ARM,2010,hdi,0.746
ARM,2011,hdi,0.75
ARM,2012,hdi,0.755
ARM,2013,hdi,0.76
ARM,2014,hdi,0.764
ARM,2015,hdi,0.766
ARM,2016,hdi,0.765
ARM,2017,hdi,0.768
ARM,2018,hdi,0.771
ARM,2019,hdi,0.778
ARM,2010,hdi,0.746
ARM,2011,hdi,0.75
ARM,2012,hdi,0.755
ARM,2013,hdi,0.76
ARM,2014,hdi,0.764
ARM,2015,hdi,0.766
ARM,2016,hdi,0.765
ARM,2017,hdi,0.768
ARM,2018,hdi,0.771
ARM,2019,hdi,0.778
ARM,2020,hdi,0.757
ATG,2010,hdi,0.79
ATG,2011,hdi,0.783
ATG,2012,hdi,0.787
ATG,2013,hdi,0.787
ATG,2014,hdi,0.789
ATG,2015,hdi,0.791
ATG,2016,hdi,0.794
ATG,2017,hdi,0.795
ATG,2018,hdi,0.798
ATG,2019,hdi,0.8
ATG,2010,hdi,0.79
ATG,2011,hdi,0.783
ATG,2012,hdi,0.787
ATG,2013,hdi,0.787
ATG,2014,hdi,0.789
ATG,2015,hdi,0.791
ATG,2016,hdi,0.794
ATG,2017,hdi,0.795
ATG,2018,hdi,0.798
ATG,2019,hdi,0.8
ATG,2020,hdi,0.788
AUS,2010,hdi,0.923
AUS,2011,hdi,0.926
AUS,2012,hdi,0.93
AUS,2013,hdi,0.929
AUS,2014,hdi,0.931
AUS,2015,hdi,0.933
AUS,2016,hdi,0.935
AUS,2017,hdi,0.937
AUS,2018,hdi,0.941
AUS,2019,hdi,0.941
AUS,2010,hdi,0.923
AUS,2011,hdi,0.926
AUS,2012,hdi,0.93
AUS,2013,hdi,0.929
AUS,2014,hdi,0.931
AUS,2015,hdi,0.933
AUS,2016,hdi,0.935
AUS,2017,hdi,0.937
AUS,2018,hdi,0.941
AUS,2019,hdi,0.941
AUS,2020,hdi,0.947
AUT,2010,hdi,0.902
AUT,2011,hdi,0.905
AUT,2012,hdi,0.906
AUT,2013,hdi,0.905
AUT,2014,hdi,0.909
AUT,2015,hdi,0.91
AUT,2016,hdi,0.915
AUT,2017,hdi,0.916
AUT,2018,hdi,0.917
AUT,2019,hdi,0.919
AUT,2010,hdi,0.902
AUT,2011,hdi,0.905
AUT,2012,hdi,0.906
AUT,2013,hdi,0.905
AUT,2014,hdi,0.909
AUT,2015,hdi,0.91
AUT,2016,hdi,0.915
AUT,2017,hdi,0.916
AUT,2018,hdi,0.917
AUT,2019,hdi,0.919
AUT,2020,hdi,0.913
AZE,2010,hdi,0.727
AZE,2011,hdi,0.729
AZE,2012,hdi,0.734
AZE,2013,hdi,0.741
AZE,2014,hdi,0.745
AZE,2015,hdi,0.748
AZE,2016,hdi,0.75
AZE,2017,hdi,0.753
AZE,2018,hdi,0.757
AZE,2019,hdi,0.761
AZE,2010,hdi,0.727
AZE,2011,hdi,0.729
AZE,2012,hdi,0.734
AZE,2013,hdi,0.741
AZE,2014,hdi,0.745
AZE,2015,hdi,0.748
AZE,2016,hdi,0.75
AZE,2017,hdi,0.753
AZE,2018,hdi,0.757
AZE,2019,hdi,0.761
AZE,2020,hdi,0.73
BDI,2010,hdi,0.405
BDI,2011,hdi,0.41
BDI,2012,hdi,0.416
BDI,2013,hdi,0.421
BDI,2014,hdi,0.426
BDI,2015,hdi,0.428
BDI,2016,hdi,0.43
BDI,2017,hdi,0.428
BDI,2018,hdi,0.428
BDI,2019,hdi,0.431
BDI,2010,hdi,0.405
BDI,2011,hdi,0.41
BDI,2012,hdi,0.416
BDI,2013,hdi,0.421
BDI,2014,hdi,0.426
BDI,2015,hdi,0.428
BDI,2016,hdi,0.43
BDI,2017,hdi,0.428
BDI,2018,hdi,0.428
BDI,2019,hdi,0.431
BDI,2020,hdi,0.426
BEL,2010,hdi,0.912
BEL,2011,hdi,0.914
BEL,2012,hdi,0.915
BEL,2013,hdi,0.916
BEL,2014,hdi,0.921
BEL,2015,hdi,0.924
BEL,2016,hdi,0.927
BEL,2017,hdi,0.931
BEL,2018,hdi,0.933
BEL,2019,hdi,0.936
BEL,2010,hdi,0.912
BEL,2011,hdi,0.914
BEL,2012,hdi,0.915
BEL,2013,hdi,0.916
BEL,2014,hdi,0.921
BEL,2015,hdi,0.924
BEL,2016,hdi,0.927
BEL,2017,hdi,0.931
BEL,2018,hdi,0.933
BEL,2019,hdi,0.936
BEL,2020,hdi,0.928
BEN,2010,hdi,0.492
BEN,2011,hdi,0.499
BEN,2012,hdi,0.509
BEN,2013,hdi,0.52
BEN,2014,hdi,0.524
BEN,2015,hdi,0.529
BEN,2016,hdi,0.53
BEN,2017,hdi,0.53
BEN,2018,hdi,0.53
BEN,2019,hdi,0.53
BEN,2010,hdi,0.492
BEN,2011,hdi,0.499
BEN,2012,hdi,0.509
BEN,2013,hdi,0.52
BEN,2014,hdi,0.524
BEN,2015,hdi,0.529
BEN,2016,hdi,0.53
BEN,2017,hdi,0.53
BEN,2018,hdi,0.53
BEN,2019,hdi,0.53
BEN,2020,hdi,0.524
BFA,2010,hdi,0.372
BFA,2011,hdi,0.384
BFA,2012,hdi,0.395
BFA,2013,hdi,0.402
BFA,2014,hdi,0.408
BFA,2015,hdi,0.418
BFA,2016,hdi,0.427
BFA,2017,hdi,0.438
BFA,2018,hdi,0.449
BFA,2019,hdi,0.452
BFA,2010,hdi,0.372
BFA,2011,hdi,0.384
BFA,2012,hdi,0.395
BFA,2013,hdi,0.402
BFA,2014,hdi,0.408
BFA,2015,hdi,0.418
BFA,2016,hdi,0.427
BFA,2017,hdi,0.438
BFA,2018,hdi,0.449
BFA,2019,hdi,0.452
BFA,2020,hdi,0.449
BGD,2010,hdi,0.553
BGD,2011,hdi,0.561
BGD,2012,hdi,0.572
BGD,2013,hdi,0.574
BGD,2014,hdi,0.583
BGD,2015,hdi,0.602
BGD,2016,hdi,0.612
BGD,2017,hdi,0.622
BGD,2018,hdi,0.635
BGD,2019,hdi,0.644
BGD,2010,hdi,0.553
BGD,2011,hdi,0.561
BGD,2012,hdi,0.572
BGD,2013,hdi,0.574
BGD,2014,hdi,0.583
BGD,2015,hdi,0.602
BGD,2016,hdi,0.612
BGD,2017,hdi,0.622
BGD,2018,hdi,0.635
BGD,2019,hdi,0.644
BGD,2020,hdi,0.655
BGR,2010,hdi,0.79
BGR,2011,hdi,0.794
BGR,2012,hdi,0.798
BGR,2013,hdi,0.805
BGR,2014,hdi,0.807
BGR,2015,hdi,0.809
BGR,2016,hdi,0.809
BGR,2017,hdi,0.808
BGR,2018,hdi,0.809
BGR,2019,hdi,0.81
BGR,2010,hdi,0.79
BGR,2011,hdi,0.794
BGR,2012,hdi,0.798
BGR,2013,hdi,0.805
BGR,2014,hdi,0.807
BGR,2015,hdi,0.809
BGR,2016,hdi,0.809
BGR,2017,hdi,0.808
BGR,2018,hdi,0.809
BGR,2019,hdi,0.81
BGR,2020,hdi,0.802
BHR,2010,hdi,0.808
BHR,2011,hdi,0.809
BHR,2012,hdi,0.817
BHR,2013,hdi,0.824
BHR,2014,hdi,0.83
BHR,2015,hdi,0.858
BHR,2016,hdi,0.865
BHR,2017,hdi,0.869
BHR,2018,hdi,0.879
BHR,2019,hdi,0.882
BHR,2010,hdi,0.808
BHR,2011,hdi,0.809
BHR,2012,hdi,0.817
BHR,2013,hdi,0.824
BHR,2014,hdi,0.83
BHR,2015,hdi,0.858
BHR,2016,hdi,0.865
BHR,2017,hdi,0.869
BHR,2018,hdi,0.879
BHR,2019,hdi,0.882
BHR,2020,hdi,0.877
BHS,2010,hdi,0.812
BHS,2011,hdi,0.812
BHS,2012,hdi,0.815
BHS,2013,hdi,0.816
BHS,2014,hdi,0.82
BHS,2015,hdi,0.82
BHS,2016,hdi,0.823
BHS,2017,hdi,0.825
BHS,2018,hdi,0.827
BHS,2019,hdi,0.816
BHS,2010,hdi,0.812
BHS,2011,hdi,0.812
BHS,2012,hdi,0.815
BHS,2013,hdi,0.816
BHS,2014,hdi,0.82
BHS,2015,hdi,0.82
BHS,2016,hdi,0.823
BHS,2017,hdi,0.825
BHS,2018,hdi,0.827
BHS,2019,hdi,0.816
BHS,2020,hdi,0.815
BIH,2010,hdi,0.725
BIH,2011,hdi,0.732
BIH,2012,hdi,0.745
BIH,2013,hdi,0.751
BIH,2014,hdi,0.756
BIH,2015,hdi,0.761
BIH,2016,hdi,0.77
BIH,2017,hdi,0.772
BIH,2018,hdi,0.776
BIH,2019,hdi,0.783
BIH,2010,hdi,0.725
BIH,2011,hdi,0.732
BIH,2012,hdi,0.745
BIH,2013,hdi,0.751
BIH,2014,hdi,0.756
BIH,2015,hdi,0.761
BIH,2016,hdi,0.77
BIH,2017,hdi,0.772
BIH,2018,hdi,0.776
BIH,2019,hdi,0.783
BIH,2020,hdi,0.781
BLR,2010,hdi,0.79
BLR,2011,hdi,0.797
BLR,2012,hdi,0.806
BLR,2013,hdi,0.808
BLR,2014,hdi,0.812
BLR,2015,hdi,0.812
BLR,2016,hdi,0.813
BLR,2017,hdi,0.817
BLR,2018,hdi,0.818
BLR,2019,hdi,0.817
BLR,2010,hdi,0.79
BLR,2011,hdi,0.797
BLR,2012,hdi,0.806
BLR,2013,hdi,0.808
BLR,2014,hdi,0.812
BLR,2015,hdi,0.812
BLR,2016,hdi,0.813
BLR,2017,hdi,0.817
BLR,2018,hdi,0.818
BLR,2019,hdi,0.817
BLR,2020,hdi,0.807
BLZ,2010,hdi,0.707
BLZ,2011,hdi,0.709
BLZ,2012,hdi,0.713
BLZ,2013,hdi,0.712
BLZ,2014,hdi,0.709
BLZ,2015,hdi,0.708
BLZ,2016,hdi,0.712
BLZ,2017,hdi,0.707
BLZ,2018,hdi,0.706
BLZ,2019,hdi,0.705
BLZ,2010,hdi,0.707
BLZ,2011,hdi,0.709
BLZ,2012,hdi,0.713
BLZ,2013,hdi,0.712
BLZ,2014,hdi,0.709
BLZ,2015,hdi,0.708
BLZ,2016,hdi,0.712
BLZ,2017,hdi,0.707
BLZ,2018,hdi,0.706
BLZ,2019,hdi,0.705
BLZ,2020,hdi,0.69
BOL,2010,hdi,0.662
BOL,2011,hdi,0.668
BOL,2012,hdi,0.674
BOL,2013,hdi,0.682
BOL,2014,hdi,0.684
BOL,2015,hdi,0.69
BOL,2016,hdi,0.701
BOL,2017,hdi,0.708
BOL,2018,hdi,0.714
BOL,2019,hdi,0.717
BOL,2010,hdi,0.662
BOL,2011,hdi,0.668
BOL,2012,hdi,0.674
BOL,2013,hdi,0.682
BOL,2014,hdi,0.684
BOL,2015,hdi,0.69
BOL,2016,hdi,0.701
BOL,2017,hdi,0.708
BOL,2018,hdi,0.714
BOL,2019,hdi,0.717
BOL,2020,hdi,0.694
BRA,2010,hdi,0.723
BRA,2011,hdi,0.728
BRA,2012,hdi,0.732
BRA,2013,hdi,0.75
BRA,2014,hdi,0.754
BRA,2015,hdi,0.753
BRA,2016,hdi,0.755
BRA,2017,hdi,0.759
BRA,2018,hdi,0.764
BRA,2019,hdi,0.766
BRA,2010,hdi,0.723
BRA,2011,hdi,0.728
BRA,2012,hdi,0.732
BRA,2013,hdi,0.75
BRA,2014,hdi,0.754
BRA,2015,hdi,0.753
BRA,2016,hdi,0.755
BRA,2017,hdi,0.759
BRA,2018,hdi,0.764
BRA,2019,hdi,0.766
BRA,2020,hdi,0.758
BRB,2010,hdi,0.788
BRB,2011,hdi,0.784
BRB,2012,hdi,0.787
BRB,2013,hdi,0.787
BRB,2014,hdi,0.789
BRB,2015,hdi,0.791
BRB,2016,hdi,0.794
BRB,2017,hdi,0.796
BRB,2018,hdi,0.797
BRB,2019,hdi,0.799
BRB,2010,hdi,0.788
BRB,2011,hdi,0.784
BRB,2012,hdi,0.787
BRB,2013,hdi,0.787
BRB,2014,hdi,0.789
BRB,2015,hdi,0.791
BRB,2016,hdi,0.794
BRB,2017,hdi,0.796
BRB,2018,hdi,0.797
BRB,2019,hdi,0.799
BRB,2020,hdi,0.788
BRN,2010,hdi,0.828
BRN,2011,hdi,0.832
BRN,2012,hdi,0.838
BRN,2013,hdi,0.838
BRN,2014,hdi,0.837
BRN,2015,hdi,0.836
BRN,2016,hdi,0.835
BRN,2017,hdi,0.834
BRN,2018,hdi,0.83
BRN,2019,hdi,0.83
BRN,2010,hdi,0.828
BRN,2011,hdi,0.832
BRN,2012,hdi,0.838
BRN,2013,hdi,0.838
BRN,2014,hdi,0.837
BRN,2015,hdi,0.836
BRN,2016,hdi,0.835
BRN,2017,hdi,0.834
BRN,2018,hdi,0.83
BRN,2019,hdi,0.83
BRN,2020,hdi,0.83
BTN,2010,hdi,0.581
BTN,2011,hdi,0.591
BTN,2012,hdi,0.598
BTN,2013,hdi,0.606
BTN,2014,hdi,0.617
BTN,2015,hdi,0.627
BTN,2016,hdi,0.638
BTN,2017,hdi,0.647
BTN,2018,hdi,0.658
BTN,2019,hdi,0.671
BTN,2010,hdi,0.581
BTN,2011,hdi,0.591
BTN,2012,hdi,0.598
BTN,2013,hdi,0.606
BTN,2014,hdi,0.617
BTN,2015,hdi,0.627
BTN,2016,hdi,0.638
BTN,2017,hdi,0.647
BTN,2018,hdi,0.658
BTN,2019,hdi,0.671
BTN,2020,hdi,0.668
BWA,2010,hdi,0.66
BWA,2011,hdi,0.669
BWA,2012,hdi,0.674
BWA,2013,hdi,0.687
BWA,2014,hdi,0.696
BWA,2015,hdi,0.702
BWA,2016,hdi,0.713
BWA,2017,hdi,0.722
BWA,2018,hdi,0.716
BWA,2019,hdi,0.717
BWA,2010,hdi,0.66
BWA,2011,hdi,0.669
BWA,2012,hdi,0.674
BWA,2013,hdi,0.687
BWA,2014,hdi,0.696
BWA,2015,hdi,0.702
BWA,2016,hdi,0.713
BWA,2017,hdi,0.722
BWA,2018,hdi,0.716
BWA,2019,hdi,0.717
BWA,2020,hdi,0.713
CAF,2010,hdi,0.372
CAF,2011,hdi,0.381
CAF,2012,hdi,0.388
CAF,2013,hdi,0.368
CAF,2014,hdi,0.37
CAF,2015,hdi,0.384
CAF,2016,hdi,0.391
CAF,2017,hdi,0.398
CAF,2018,hdi,0.405
CAF,2019,hdi,0.411
CAF,2010,hdi,0.372
CAF,2011,hdi,0.381
CAF,2012,hdi,0.388
CAF,2013,hdi,0.368
CAF,2014,hdi,0.37
CAF,2015,hdi,0.384
CAF,2016,hdi,0.391
CAF,2017,hdi,0.398
CAF,2018,hdi,0.405
CAF,2019,hdi,0.411
CAF,2020,hdi,0.407
CAN,2010,hdi,0.911
CAN,2011,hdi,0.915
CAN,2012,hdi,0.921
CAN,2013,hdi,0.923
CAN,2014,hdi,0.925
CAN,2015,hdi,0.926
CAN,2016,hdi,0.928
CAN,2017,hdi,0.931
CAN,2018,hdi,0.933
CAN,2019,hdi,0.937
CAN,2010,hdi,0.911
CAN,2011,hdi,0.915
CAN,2012,hdi,0.921
CAN,2013,hdi,0.923
CAN,2014,hdi,0.925
CAN,2015,hdi,0.926
CAN,2016,hdi,0.928
CAN,2017,hdi,0.931
CAN,2018,hdi,0.933
CAN,2019,hdi,0.937
CAN,2020,hdi,0.931
CHE,2010,hdi,0.942
CHE,2011,hdi,0.943
CHE,2012,hdi,0.945
CHE,2013,hdi,0.948
CHE,2014,hdi,0.952
CHE,2015,hdi,0.954
CHE,2016,hdi,0.956
CHE,2017,hdi,0.957
CHE,2018,hdi,0.959
CHE,2019,hdi,0.962
CHE,2010,hdi,0.942
CHE,2011,hdi,0.943
CHE,2012,hdi,0.945
CHE,2013,hdi,0.948
CHE,2014,hdi,0.952
CHE,2015,hdi,0.954
CHE,2016,hdi,0.956
CHE,2017,hdi,0.957
CHE,2018,hdi,0.959
CHE,2019,hdi,0.962
CHE,2020,hdi,0.956
CHL,2010,hdi,0.813
CHL,2011,hdi,0.817
CHL,2012,hdi,0.824
CHL,2013,hdi,0.836
CHL,2014,hdi,0.841
CHL,2015,hdi,0.846
CHL,2016,hdi,0.85
CHL,2017,hdi,0.853
CHL,2018,hdi,0.856
CHL,2019,hdi,0.861
CHL,2010,hdi,0.813
CHL,2011,hdi,0.817
CHL,2012,hdi,0.824
CHL,2013,hdi,0.836
CHL,2014,hdi,0.841
CHL,2015,hdi,0.846
CHL,2016,hdi,0.85
CHL,2017,hdi,0.853
CHL,2018,hdi,0.856
CHL,2019,hdi,0.861
CHL,2020,hdi,0.852
CHN,2010,hdi,0.691
CHN,2011,hdi,0.7
CHN,2012,hdi,0.709
CHN,2013,hdi,0.717
CHN,2014,hdi,0.725
CHN,2015,hdi,0.733
CHN,2016,hdi,0.74
CHN,2017,hdi,0.747
CHN,2018,hdi,0.755
CHN,2019,hdi,0.762
CHN,2010,hdi,0.691
CHN,2011,hdi,0.7
CHN,2012,hdi,0.709
CHN,2013,hdi,0.717
CHN,2014,hdi,0.725
CHN,2015,hdi,0.733
CHN,2016,hdi,0.74
CHN,2017,hdi,0.747
CHN,2018,hdi,0.755
CHN,2019,hdi,0.762
CHN,2020,hdi,0.764
CIV,2010,hdi,0.473
CIV,2011,hdi,0.472
CIV,2012,hdi,0.477
CIV,2013,hdi,0.483
CIV,2014,hdi,0.502
CIV,2015,hdi,0.513
CIV,2016,hdi,0.524
CIV,2017,hdi,0.534
CIV,2018,hdi,0.542
CIV,2019,hdi,0.55
CIV,2010,hdi,0.473
CIV,2011,hdi,0.472
CIV,2012,hdi,0.477
CIV,2013,hdi,0.483
CIV,2014,hdi,0.502
CIV,2015,hdi,0.513
CIV,2016,hdi,0.524
CIV,2017,hdi,0.534
CIV,2018,hdi,0.542
CIV,2019,hdi,0.55
CIV,2020,hdi,0.551
CMR,2010,hdi,0.513
CMR,2011,hdi,0.521
CMR,2012,hdi,0.533
CMR,2013,hdi,0.542
CMR,2014,hdi,0.551
CMR,2015,hdi,0.56
CMR,2016,hdi,0.564
CMR,2017,hdi,0.571
CMR,2018,hdi,0.577
CMR,2019,hdi,0.583
CMR,2010,hdi,0.513
CMR,2011,hdi,0.521
CMR,2012,hdi,0.533
CMR,2013,hdi,0.542
CMR,2014,hdi,0.551
CMR,2015,hdi,0.56
CMR,2016,hdi,0.564
CMR,2017,hdi,0.571
CMR,2018,hdi,0.577
CMR,2019,hdi,0.583
CMR,2020,hdi,0.578
COD,2010,hdi,0.429
COD,2011,hdi,0.438
COD,2012,hdi,0.44
COD,2013,hdi,0.446
COD,2014,hdi,0.455
COD,2015,hdi,0.463
COD,2016,hdi,0.472
COD,2017,hdi,0.475
COD,2018,hdi,0.48
COD,2019,hdi,0.482
COD,2010,hdi,0.429
COD,2011,hdi,0.438
COD,2012,hdi,0.44
COD,2013,hdi,0.446
COD,2014,hdi,0.455
COD,2015,hdi,0.463
COD,2016,hdi,0.472
COD,2017,hdi,0.475
COD,2018,hdi,0.48
COD,2019,hdi,0.482
COD,2020,hdi,0.479
COG,2010,hdi,0.561
COG,2011,hdi,0.564
COG,2012,hdi,0.575
COG,2013,hdi,0.58
COG,2014,hdi,0.589
COG,2015,hdi,0.59
COG,2016,hdi,0.586
COG,2017,hdi,0.58
COG,2018,hdi,0.578
COG,2019,hdi,0.57
COG,2010,hdi,0.561
COG,2011,hdi,0.564
COG,2012,hdi,0.575
COG,2013,hdi,0.58
COG,2014,hdi,0.589
COG,2015,hdi,0.59
COG,2016,hdi,0.586
COG,2017,hdi,0.58
COG,2018,hdi,0.578
COG,2019,hdi,0.57
COG,2020,hdi,0.574
COL,2010,hdi,0.726
COL,2011,hdi,0.733
COL,2012,hdi,0.734
COL,2013,hdi,0.746
COL,2014,hdi,0.75
COL,2015,hdi,0.754
COL,2016,hdi,0.759
COL,2017,hdi,0.761
COL,2018,hdi,0.763
COL,2019,hdi,0.768
COL,2010,hdi,0.726
COL,2011,hdi,0.733
COL,2012,hdi,0.734
COL,2013,hdi,0.746
COL,2014,hdi,0.75
COL,2015,hdi,0.754
COL,2016,hdi,0.759
COL,2017,hdi,0.761
COL,2018,hdi,0.763
COL,2019,hdi,0.768
COL,2020,hdi,0.756
COM,2010,hdi,0.52
COM,2011,hdi,0.527
COM,2012,hdi,0.533
COM,2013,hdi,0.539
COM,2014,hdi,0.54
COM,2015,hdi,0.544
COM,2016,hdi,0.548
COM,2017,hdi,0.553
COM,2018,hdi,0.557
COM,2019,hdi,0.56
COM,2010,hdi,0.52
COM,2011,hdi,0.527
COM,2012,hdi,0.533
COM,2013,hdi,0.539
COM,2014,hdi,0.54
COM,2015,hdi,0.544
COM,2016,hdi,0.548
COM,2017,hdi,0.553
COM,2018,hdi,0.557
COM,2019,hdi,0.56
COM,2020,hdi,0.562
CPV,2010,hdi,0.644
CPV,2011,hdi,0.653
CPV,2012,hdi,0.656
CPV,2013,hdi,0.666
CPV,2014,hdi,0.667
CPV,2015,hdi,0.663
CPV,2016,hdi,0.67
CPV,2017,hdi,0.675
CPV,2018,hdi,0.673
CPV,2019,hdi,0.676
CPV,2010,hdi,0.644
CPV,2011,hdi,0.653
CPV,2012,hdi,0.656
CPV,2013,hdi,0.666
CPV,2014,hdi,0.667
CPV,2015,hdi,0.663
CPV,2016,hdi,0.67
CPV,2017,hdi,0.675
CPV,2018,hdi,0.673
CPV,2019,hdi,0.676
CPV,2020,hdi,0.662
CRI,2010,hdi,0.772
CRI,2011,hdi,0.782
CRI,2012,hdi,0.786
CRI,2013,hdi,0.792
CRI,2014,hdi,0.796
CRI,2015,hdi,0.798
CRI,2016,hdi,0.803
CRI,2017,hdi,0.807
CRI,2018,hdi,0.811
CRI,2019,hdi,0.819
CRI,2010,hdi,0.772
CRI,2011,hdi,0.782
CRI,2012,hdi,0.786
CRI,2013,hdi,0.792
CRI,2014,hdi,0.796
CRI,2015,hdi,0.798
CRI,2016,hdi,0.803
CRI,2017,hdi,0.807
CRI,2018,hdi,0.811
CRI,2019,hdi,0.819
CRI,2020,hdi,0.816
CUB,2010,hdi,0.78
CUB,2011,hdi,0.777
CUB,2012,hdi,0.773
CUB,2013,hdi,0.769
CUB,2014,hdi,0.771
CUB,2015,hdi,0.773
CUB,2016,hdi,0.774
CUB,2017,hdi,0.779
CUB,2018,hdi,0.783
CUB,2019,hdi,0.788
CUB,2010,hdi,0.78
CUB,2011,hdi,0.777
CUB,2012,hdi,0.773
CUB,2013,hdi,0.769
CUB,2014,hdi,0.771
CUB,2015,hdi,0.773
CUB,2016,hdi,0.774
CUB,2017,hdi,0.779
CUB,2018,hdi,0.783
CUB,2019,hdi,0.788
CUB,2020,hdi,0.781
CYP,2010,hdi,0.857
CYP,2011,hdi,0.861
CYP,2012,hdi,0.86
CYP,2013,hdi,0.861
CYP,2014,hdi,0.865
CYP,2015,hdi,0.871
CYP,2016,hdi,0.877
CYP,2017,hdi,0.887
CYP,2018,hdi,0.892
CYP,2019,hdi,0.897
CYP,2010,hdi,0.857
CYP,2011,hdi,0.861
CYP,2012,hdi,0.86
CYP,2013,hdi,0.861
CYP,2014,hdi,0.865
CYP,2015,hdi,0.871
CYP,2016,hdi,0.877
CYP,2017,hdi,0.887
CYP,2018,hdi,0.892
CYP,2019,hdi,0.897
CYP,2020,hdi,0.894
CZE,2010,hdi,0.87
CZE,2011,hdi,0.872
CZE,2012,hdi,0.874
CZE,2013,hdi,0.881
CZE,2014,hdi,0.887
CZE,2015,hdi,0.891
CZE,2016,hdi,0.895
CZE,2017,hdi,0.897
CZE,2018,hdi,0.894
CZE,2019,hdi,0.897
CZE,2010,hdi,0.87
CZE,2011,hdi,0.872
CZE,2012,hdi,0.874
CZE,2013,hdi,0.881
CZE,2014,hdi,0.887
CZE,2015,hdi,0.891
CZE,2016,hdi,0.895
CZE,2017,hdi,0.897
CZE,2018,hdi,0.894
CZE,2019,hdi,0.897
CZE,2020,hdi,0.892
DEU,2010,hdi,0.926
DEU,2011,hdi,0.931
DEU,2012,hdi,0.933
DEU,2013,hdi,0.934
DEU,2014,hdi,0.937
DEU,2015,hdi,0.938
DEU,2016,hdi,0.941
DEU,2017,hdi,0.944
DEU,2018,hdi,0.945
DEU,2019,hdi,0.948
DEU,2010,hdi,0.926
DEU,2011,hdi,0.931
DEU,2012,hdi,0.933
DEU,2013,hdi,0.934
DEU,2014,hdi,0.937
DEU,2015,hdi,0.938
DEU,2016,hdi,0.941
DEU,2017,hdi,0.944
DEU,2018,hdi,0.945
DEU,2019,hdi,0.948
DEU,2020,hdi,0.944
DJI,2010,hdi,0.458
DJI,2011,hdi,0.47
DJI,2012,hdi,0.478
DJI,2013,hdi,0.483
DJI,2014,hdi,0.488
DJI,2015,hdi,0.493
DJI,2016,hdi,0.496
DJI,2017,hdi,0.499
DJI,2018,hdi,0.506
DJI,2019,hdi,0.512
DJI,2010,hdi,0.458
DJI,2011,hdi,0.47
DJI,2012,hdi,0.478
DJI,2013,hdi,0.483
DJI,2014,hdi,0.488
DJI,2015,hdi,0.493
DJI,2016,hdi,0.496
DJI,2017,hdi,0.499
DJI,2018,hdi,0.506
DJI,2019,hdi,0.512
DJI,2020,hdi,0.51
DMA,2010,hdi,0.711
DMA,2011,hdi,0.702
DMA,2012,hdi,0.706
DMA,2013,hdi,0.699
DMA,2014,hdi,0.705
DMA,2015,hdi,0.7
DMA,2016,hdi,0.709
DMA,2017,hdi,0.692
DMA,2018,hdi,0.726
DMA,2019,hdi,0.729
DMA,2010,hdi,0.711
DMA,2011,hdi,0.702
DMA,2012,hdi,0.706
DMA,2013,hdi,0.699
DMA,2014,hdi,0.705
DMA,2015,hdi,0.7
DMA,2016,hdi,0.709
DMA,2017,hdi,0.692
DMA,2018,hdi,0.726
DMA,2019,hdi,0.729
DMA,2020,hdi,0.722
DNK,2010,hdi,0.913
DNK,2011,hdi,0.926
DNK,2012,hdi,0.931
DNK,2013,hdi,0.933
DNK,2014,hdi,0.932
DNK,2015,hdi,0.936
DNK,2016,hdi,0.943
DNK,2017,hdi,0.944
DNK,2018,hdi,0.942
DNK,2019,hdi,0.946
DNK,2010,hdi,0.913
DNK,2011,hdi,0.926
DNK,2012,hdi,0.931
DNK,2013,hdi,0.933
DNK,2014,hdi,0.932
DNK,2015,hdi,0.936
DNK,2016,hdi,0.943
DNK,2017,hdi,0.944
DNK,2018,hdi,0.942
DNK,2019,hdi,0.946
DNK,2020,hdi,0.947
DOM,2010,hdi,0.708
DOM,2011,hdi,0.713
DOM,2012,hdi,0.718
DOM,2013,hdi,0.722
DOM,2014,hdi,0.728
DOM,2015,hdi,0.736
DOM,2016,hdi,0.755
DOM,2017,hdi,0.757
DOM,2018,hdi,0.764
DOM,2019,hdi,0.771
DOM,2010,hdi,0.708
DOM,2011,hdi,0.713
DOM,2012,hdi,0.718
DOM,2013,hdi,0.722
DOM,2014,hdi,0.728
DOM,2015,hdi,0.736
DOM,2016,hdi,0.755
DOM,2017,hdi,0.757
DOM,2018,hdi,0.764
DOM,2019,hdi,0.771
DOM,2020,hdi,0.764
DZA,2010,hdi,0.721
DZA,2011,hdi,0.727
DZA,2012,hdi,0.729
DZA,2013,hdi,0.731
DZA,2014,hdi,0.735
DZA,2015,hdi,0.74
DZA,2016,hdi,0.743
DZA,2017,hdi,0.744
DZA,2018,hdi,0.745
DZA,2019,hdi,0.748
DZA,2010,hdi,0.721
DZA,2011,hdi,0.727
DZA,2012,hdi,0.729
DZA,2013,hdi,0.731
DZA,2014,hdi,0.735
DZA,2015,hdi,0.74
DZA,2016,hdi,0.743
DZA,2017,hdi,0.744
DZA,2018,hdi,0.745
DZA,2019,hdi,0.748
DZA,2020,hdi,0.736
ECU,2010,hdi,0.736
ECU,2011,hdi,0.743
ECU,2012,hdi,0.751
ECU,2013,hdi,0.755
ECU,2014,hdi,0.76
ECU,2015,hdi,0.765
ECU,2016,hdi,0.762
ECU,2017,hdi,0.762
ECU,2018,hdi,0.762
ECU,2019,hdi,0.76
ECU,2010,hdi,0.736
ECU,2011,hdi,0.743
ECU,2012,hdi,0.751
ECU,2013,hdi,0.755
ECU,2014,hdi,0.76
ECU,2015,hdi,0.765
ECU,2016,hdi,0.762
ECU,2017,hdi,0.762
ECU,2018,hdi,0.762
ECU,2019,hdi,0.76
ECU,2020,hdi,0.731
EGY,2010,hdi,0.675
EGY,2011,hdi,0.679
EGY,2012,hdi,0.688
EGY,2013,hdi,0.694
EGY,2014,hdi,0.699
EGY,2015,hdi,0.706
EGY,2016,hdi,0.713
EGY,2017,hdi,0.721
EGY,2018,hdi,0.729
EGY,2019,hdi,0.735
EGY,2010,hdi,0.675
EGY,2011,hdi,0.679
EGY,2012,hdi,0.688
EGY,2013,hdi,0.694
EGY,2014,hdi,0.699
EGY,2015,hdi,0.706
EGY,2016,hdi,0.713
EGY,2017,hdi,0.721
EGY,2018,hdi,0.729
EGY,2019,hdi,0.735
EGY,2020,hdi,0.734
ERI,2010,hdi,0.463
ERI,2011,hdi,0.481
ERI,2012,hdi,0.486
ERI,2013,hdi,0.483
ERI,2014,hdi,0.502
ERI,2015,hdi,0.483
ERI,2016,hdi,0.488
ERI,2017,hdi,0.484
ERI,2018,hdi,0.493
ERI,2019,hdi,0.495
ERI,2010,hdi,0.463
ERI,2011,hdi,0.481
ERI,2012,hdi,0.486
ERI,2013,hdi,0.483
ERI,2014,hdi,0.502
ERI,2015,hdi,0.483
ERI,2016,hdi,0.488
ERI,2017,hdi,0.484
ERI,2018,hdi,0.493
ERI,2019,hdi,0.495
ERI,2020,hdi,0.494
ESP,2010,hdi,0.868
ESP,2011,hdi,0.872
ESP,2012,hdi,0.874
ESP,2013,hdi,0.88
ESP,2014,hdi,0.884
ESP,2015,hdi,0.889
ESP,2016,hdi,0.895
ESP,2017,hdi,0.897
ESP,2018,hdi,0.901
ESP,2019,hdi,0.908
ESP,2010,hdi,0.868
ESP,2011,hdi,0.872
ESP,2012,hdi,0.874
ESP,2013,hdi,0.88
ESP,2014,hdi,0.884
ESP,2015,hdi,0.889
ESP,2016,hdi,0.895
ESP,2017,hdi,0.897
ESP,2018,hdi,0.901
ESP,2019,hdi,0.908
ESP,2020,hdi,0.899
EST,2010,hdi,0.861
EST,2011,hdi,0.871
EST,2012,hdi,0.874
EST,2013,hdi,0.88
EST,2014,hdi,0.879
EST,2015,hdi,0.882
EST,2016,hdi,0.885
EST,2017,hdi,0.887
EST,2018,hdi,0.891
EST,2019,hdi,0.896
EST,2010,hdi,0.861
EST,2011,hdi,0.871
EST,2012,hdi,0.874
EST,2013,hdi,0.88
EST,2014,hdi,0.879
EST,2015,hdi,0.882
EST,2016,hdi,0.885
EST,2017,hdi,0.887
EST,2018,hdi,0.891
EST,2019,hdi,0.896
EST,2020,hdi,0.892
ETH,2010,hdi,0.412
ETH,2011,hdi,0.422
ETH,2012,hdi,0.43
ETH,2013,hdi,0.441
ETH,2014,hdi,0.45
ETH,2015,hdi,0.46
ETH,2016,hdi,0.47
ETH,2017,hdi,0.48
ETH,2018,hdi,0.489
ETH,2019,hdi,0.498
ETH,2010,hdi,0.412
ETH,2011,hdi,0.422
ETH,2012,hdi,0.43
ETH,2013,hdi,0.441
ETH,2014,hdi,0.45
ETH,2015,hdi,0.46
ETH,2016,hdi,0.47
ETH,2017,hdi,0.48
ETH,2018,hdi,0.489
ETH,2019,hdi,0.498
ETH,2020,hdi,0.498
FIN,2010,hdi,0.911
FIN,2011,hdi,0.915
FIN,2012,hdi,0.915
FIN,2013,hdi,0.926
FIN,2014,hdi,0.927
FIN,2015,hdi,0.93
FIN,2016,hdi,0.931
FIN,2017,hdi,0.934
FIN,2018,hdi,0.936
FIN,2019,hdi,0.939
FIN,2010,hdi,0.911
FIN,2011,hdi,0.915
FIN,2012,hdi,0.915
FIN,2013,hdi,0.926
FIN,2014,hdi,0.927
FIN,2015,hdi,0.93
FIN,2016,hdi,0.931
FIN,2017,hdi,0.934
FIN,2018,hdi,0.936
FIN,2019,hdi,0.939
FIN,2020,hdi,0.938
FJI,2010,hdi,0.714
FJI,2011,hdi,0.719
FJI,2012,hdi,0.721
FJI,2013,hdi,0.726
FJI,2014,hdi,0.729
FJI,2015,hdi,0.729
FJI,2016,hdi,0.735
FJI,2017,hdi,0.741
FJI,2018,hdi,0.745
FJI,2019,hdi,0.746
FJI,2010,hdi,0.714
FJI,2011,hdi,0.719
FJI,2012,hdi,0.721
FJI,2013,hdi,0.726
FJI,2014,hdi,0.729
FJI,2015,hdi,0.729
FJI,2016,hdi,0.735
FJI,2017,hdi,0.741
FJI,2018,hdi,0.745
FJI,2019,hdi,0.746
FJI,2020,hdi,0.737
FRA,2010,hdi,0.877
FRA,2011,hdi,0.881
FRA,2012,hdi,0.882
FRA,2013,hdi,0.887
FRA,2014,hdi,0.892
FRA,2015,hdi,0.892
FRA,2016,hdi,0.895
FRA,2017,hdi,0.898
FRA,2018,hdi,0.901
FRA,2019,hdi,0.905
FRA,2010,hdi,0.877
FRA,2011,hdi,0.881
FRA,2012,hdi,0.882
FRA,2013,hdi,0.887
FRA,2014,hdi,0.892
FRA,2015,hdi,0.892
FRA,2016,hdi,0.895
FRA,2017,hdi,0.898
FRA,2018,hdi,0.901
FRA,2019,hdi,0.905
FRA,2020,hdi,0.898
FSM,2010,hdi,0.625
FSM,2011,hdi,0.628
FSM,2012,hdi,0.628
FSM,2013,hdi,0.626
FSM,2014,hdi,0.625
FSM,2015,hdi,0.626
FSM,2016,hdi,0.629
FSM,2017,hdi,0.632
FSM,2018,hdi,0.633
FSM,2019,hdi,0.633
FSM,2010,hdi,0.625
FSM,2011,hdi,0.628
FSM,2012,hdi,0.628
FSM,2013,hdi,0.626
FSM,2014,hdi,0.625
FSM,2015,hdi,0.626
FSM,2016,hdi,0.629
FSM,2017,hdi,0.632
FSM,2018,hdi,0.633
FSM,2019,hdi,0.633
FSM,2020,hdi,0.629
GAB,2010,hdi,0.664
GAB,2011,hdi,0.668
GAB,2012,hdi,0.679
GAB,2013,hdi,0.685
GAB,2014,hdi,0.694
GAB,2015,hdi,0.699
GAB,2016,hdi,0.702
GAB,2017,hdi,0.706
GAB,2018,hdi,0.706
GAB,2019,hdi,0.709
GAB,2010,hdi,0.664
GAB,2011,hdi,0.668
GAB,2012,hdi,0.679
GAB,2013,hdi,0.685
GAB,2014,hdi,0.694
GAB,2015,hdi,0.699
GAB,2016,hdi,0.702
GAB,2017,hdi,0.706
GAB,2018,hdi,0.706
GAB,2019,hdi,0.709
GAB,2020,hdi,0.71
GBR,2010,hdi,0.912
GBR,2011,hdi,0.908
GBR,2012,hdi,0.909
GBR,2013,hdi,0.922
GBR,2014,hdi,0.924
GBR,2015,hdi,0.924
GBR,2016,hdi,0.927
GBR,2017,hdi,0.93
GBR,2018,hdi,0.929
GBR,2019,hdi,0.935
GBR,2010,hdi,0.912
GBR,2011,hdi,0.908
GBR,2012,hdi,0.909
GBR,2013,hdi,0.922
GBR,2014,hdi,0.924
GBR,2015,hdi,0.924
GBR,2016,hdi,0.927
GBR,2017,hdi,0.93
GBR,2018,hdi,0.929
GBR,2019,hdi,0.935
GBR,2020,hdi,0.924
GEO,2010,hdi,0.759
GEO,2011,hdi,0.766
GEO,2012,hdi,0.773
GEO,2013,hdi,0.777
GEO,2014,hdi,0.784
GEO,2015,hdi,0.79
GEO,2016,hdi,0.794
GEO,2017,hdi,0.8
GEO,2018,hdi,0.804
GEO,2019,hdi,0.81
GEO,2010,hdi,0.759
GEO,2011,hdi,0.766
GEO,2012,hdi,0.773
GEO,2013,hdi,0.777
GEO,2014,hdi,0.784
GEO,2015,hdi,0.79
GEO,2016,hdi,0.794
GEO,2017,hdi,0.8
GEO,2018,hdi,0.804
GEO,2019,hdi,0.81
GEO,2020,hdi,0.802
GHA,2010,hdi,0.574
GHA,2011,hdi,0.585
GHA,2012,hdi,0.592
GHA,2013,hdi,0.6
GHA,2014,hdi,0.6
GHA,2015,hdi,0.607
GHA,2016,hdi,0.611
GHA,2017,hdi,0.616
GHA,2018,hdi,0.62
GHA,2019,hdi,0.631
GHA,2010,hdi,0.574
GHA,2011,hdi,0.585
GHA,2012,hdi,0.592
GHA,2013,hdi,0.6
GHA,2014,hdi,0.6
GHA,2015,hdi,0.607
GHA,2016,hdi,0.611
GHA,2017,hdi,0.616
GHA,2018,hdi,0.62
GHA,2019,hdi,0.631
GHA,2020,hdi,0.632
GIN,2010,hdi,0.415
GIN,2011,hdi,0.42
GIN,2012,hdi,0.425
GIN,2013,hdi,0.429
GIN,2014,hdi,0.435
GIN,2015,hdi,0.44
GIN,2016,hdi,0.45
GIN,2017,hdi,0.458
GIN,2018,hdi,0.462
GIN,2019,hdi,0.467
GIN,2010,hdi,0.415
GIN,2011,hdi,0.42
GIN,2012,hdi,0.425
GIN,2013,hdi,0.429
GIN,2014,hdi,0.435
GIN,2015,hdi,0.44
GIN,2016,hdi,0.45
GIN,2017,hdi,0.458
GIN,2018,hdi,0.462
GIN,2019,hdi,0.467
GIN,2020,hdi,0.466
GMB,2010,hdi,0.46
GMB,2011,hdi,0.46
GMB,2012,hdi,0.467
GMB,2013,hdi,0.471
GMB,2014,hdi,0.473
GMB,2015,hdi,0.478
GMB,2016,hdi,0.484
GMB,2017,hdi,0.489
GMB,2018,hdi,0.495
GMB,2019,hdi,0.503
GMB,2010,hdi,0.46
GMB,2011,hdi,0.46
GMB,2012,hdi,0.467
GMB,2013,hdi,0.471
GMB,2014,hdi,0.473
GMB,2015,hdi,0.478
GMB,2016,hdi,0.484
GMB,2017,hdi,0.489
GMB,2018,hdi,0.495
GMB,2019,hdi,0.503
GMB,2020,hdi,0.501
GNB,2010,hdi,0.443
GNB,2011,hdi,0.452
GNB,2012,hdi,0.456
GNB,2013,hdi,0.46
GNB,2014,hdi,0.466
GNB,2015,hdi,0.472
GNB,2016,hdi,0.478
GNB,2017,hdi,0.481
GNB,2018,hdi,0.482
GNB,2019,hdi,0.49
GNB,2010,hdi,0.443
GNB,2011,hdi,0.452
GNB,2012,hdi,0.456
GNB,2013,hdi,0.46
GNB,2014,hdi,0.466
GNB,2015,hdi,0.472
GNB,2016,hdi,0.478
GNB,2017,hdi,0.481
GNB,2018,hdi,0.482
GNB,2019,hdi,0.49
GNB,2020,hdi,0.483
GNQ,2010,hdi,0.579
GNQ,2011,hdi,0.585
GNQ,2012,hdi,0.592
GNQ,2013,hdi,0.594
GNQ,2014,hdi,0.598
GNQ,2015,hdi,0.603
GNQ,2016,hdi,0.603
GNQ,2017,hdi,0.601
GNQ,2018,hdi,0.601
GNQ,2019,hdi,0.605
GNQ,2010,hdi,0.579
GNQ,2011,hdi,0.585
GNQ,2012,hdi,0.592
GNQ,2013,hdi,0.594
GNQ,2014,hdi,0.598
GNQ,2015,hdi,0.603
GNQ,2016,hdi,0.603
GNQ,2017,hdi,0.601
GNQ,2018,hdi,0.601
GNQ,2019,hdi,0.605
GNQ,2020,hdi,0.599
GRC,2010,hdi,0.869
GRC,2011,hdi,0.865
GRC,2012,hdi,0.866
GRC,2013,hdi,0.871
GRC,2014,hdi,0.879
GRC,2015,hdi,0.88
GRC,2016,hdi,0.877
GRC,2017,hdi,0.88
GRC,2018,hdi,0.886
GRC,2019,hdi,0.889
GRC,2010,hdi,0.869
GRC,2011,hdi,0.865
GRC,2012,hdi,0.866
GRC,2013,hdi,0.871
GRC,2014,hdi,0.879
GRC,2015,hdi,0.88
GRC,2016,hdi,0.877
GRC,2017,hdi,0.88
GRC,2018,hdi,0.886
GRC,2019,hdi,0.889
GRC,2020,hdi,0.886
GRD,2010,hdi,0.782
GRD,2011,hdi,0.786
GRD,2012,hdi,0.784
GRD,2013,hdi,0.787
GRD,2014,hdi,0.787
GRD,2015,hdi,0.79
GRD,2016,hdi,0.791
GRD,2017,hdi,0.794
GRD,2018,hdi,0.797
GRD,2019,hdi,0.8
GRD,2010,hdi,0.782
GRD,2011,hdi,0.786
GRD,2012,hdi,0.784
GRD,2013,hdi,0.787
GRD,2014,hdi,0.787
GRD,2015,hdi,0.79
GRD,2016,hdi,0.791
GRD,2017,hdi,0.794
GRD,2018,hdi,0.797
GRD,2019,hdi,0.8
GRD,2020,hdi,0.792
GTM,2010,hdi,0.605
GTM,2011,hdi,0.611
GTM,2012,hdi,0.616
GTM,2013,hdi,0.62
GTM,2014,hdi,0.637
GTM,2015,hdi,0.639
GTM,2016,hdi,0.639
GTM,2017,hdi,0.64
GTM,2018,hdi,0.64
GTM,2019,hdi,0.642
GTM,2010,hdi,0.605
GTM,2011,hdi,0.611
GTM,2012,hdi,0.616
GTM,2013,hdi,0.62
GTM,2014,hdi,0.637
GTM,2015,hdi,0.639
GTM,2016,hdi,0.639
GTM,2017,hdi,0.64
GTM,2018,hdi,0.64
GTM,2019,hdi,0.642
GTM,2020,hdi,0.635
GUY,2010,hdi,0.656
GUY,2011,hdi,0.665
GUY,2012,hdi,0.669
GUY,2013,hdi,0.673
GUY,2014,hdi,0.681
GUY,2015,hdi,0.684
GUY,2016,hdi,0.691
GUY,2017,hdi,0.695
GUY,2018,hdi,0.701
GUY,2019,hdi,0.708
GUY,2010,hdi,0.656
GUY,2011,hdi,0.665
GUY,2012,hdi,0.669
GUY,2013,hdi,0.673
GUY,2014,hdi,0.681
GUY,2015,hdi,0.684
GUY,2016,hdi,0.691
GUY,2017,hdi,0.695
GUY,2018,hdi,0.701
GUY,2019,hdi,0.708
GUY,2020,hdi,0.721
HKG,2010,hdi,0.907
HKG,2011,hdi,0.914
HKG,2012,hdi,0.918
HKG,2013,hdi,0.924
HKG,2014,hdi,0.93
HKG,2015,hdi,0.935
HKG,2016,hdi,0.938
HKG,2017,hdi,0.944
HKG,2018,hdi,0.949
HKG,2019,hdi,0.952
HKG,2010,hdi,0.907
HKG,2011,hdi,0.914
HKG,2012,hdi,0.918
HKG,2013,hdi,0.924
HKG,2014,hdi,0.93
HKG,2015,hdi,0.935
HKG,2016,hdi,0.938
HKG,2017,hdi,0.944
HKG,2018,hdi,0.949
HKG,2019,hdi,0.952
HKG,2020,hdi,0.949
HND,2010,hdi,0.597
HND,2011,hdi,0.6
HND,2012,hdi,0.599
HND,2013,hdi,0.603
HND,2014,hdi,0.606
HND,2015,hdi,0.613
HND,2016,hdi,0.618
HND,2017,hdi,0.617
HND,2018,hdi,0.617
HND,2019,hdi,0.632
HND,2010,hdi,0.597
HND,2011,hdi,0.6
HND,2012,hdi,0.599
HND,2013,hdi,0.603
HND,2014,hdi,0.606
HND,2015,hdi,0.613
HND,2016,hdi,0.618
HND,2017,hdi,0.617
HND,2018,hdi,0.617
HND,2019,hdi,0.632
HND,2020,hdi,0.621
HRV,2010,hdi,0.821
HRV,2011,hdi,0.826
HRV,2012,hdi,0.83
HRV,2013,hdi,0.838
HRV,2014,hdi,0.841
HRV,2015,hdi,0.843
HRV,2016,hdi,0.848
HRV,2017,hdi,0.852
HRV,2018,hdi,0.856
HRV,2019,hdi,0.861
HRV,2010,hdi,0.821
HRV,2011,hdi,0.826
HRV,2012,hdi,0.83
HRV,2013,hdi,0.838
HRV,2014,hdi,0.841
HRV,2015,hdi,0.843
HRV,2016,hdi,0.848
HRV,2017,hdi,0.852
HRV,2018,hdi,0.856
HRV,2019,hdi,0.861
HRV,2020,hdi,0.855
HTI,2010,hdi,0.433
HTI,2011,hdi,0.512
HTI,2012,hdi,0.517
HTI,2013,hdi,0.521
HTI,2014,hdi,0.525
HTI,2015,hdi,0.529
HTI,2016,hdi,0.532
HTI,2017,hdi,0.539
HTI,2018,hdi,0.541
HTI,2019,hdi,0.543
HTI,2010,hdi,0.433
HTI,2011,hdi,0.512
HTI,2012,hdi,0.517
HTI,2013,hdi,0.521
HTI,2014,hdi,0.525
HTI,2015,hdi,0.529
HTI,2016,hdi,0.532
HTI,2017,hdi,0.539
HTI,2018,hdi,0.541
HTI,2019,hdi,0.543
HTI,2020,hdi,0.54
HUN,2010,hdi,0.828
HUN,2011,hdi,0.83
HUN,2012,hdi,0.831
HUN,2013,hdi,0.84
HUN,2014,hdi,0.838
HUN,2015,hdi,0.838
HUN,2016,hdi,0.843
HUN,2017,hdi,0.845
HUN,2018,hdi,0.849
HUN,2019,hdi,0.853
HUN,2010,hdi,0.828
HUN,2011,hdi,0.83
HUN,2012,hdi,0.831
HUN,2013,hdi,0.84
HUN,2014,hdi,0.838
HUN,2015,hdi,0.838
HUN,2016,hdi,0.843
HUN,2017,hdi,0.845
HUN,2018,hdi,0.849
HUN,2019,hdi,0.853
HUN,2020,hdi,0.849
IDN,2010,hdi,0.664
IDN,2011,hdi,0.671
IDN,2012,hdi,0.678
IDN,2013,hdi,0.683
IDN,2014,hdi,0.687
IDN,2015,hdi,0.695
IDN,2016,hdi,0.699
IDN,2017,hdi,0.704
IDN,2018,hdi,0.71
IDN,2019,hdi,0.716
IDN,2010,hdi,0.664
IDN,2011,hdi,0.671
IDN,2012,hdi,0.678
IDN,2013,hdi,0.683
IDN,2014,hdi,0.687
IDN,2015,hdi,0.695
IDN,2016,hdi,0.699
IDN,2017,hdi,0.704
IDN,2018,hdi,0.71
IDN,2019,hdi,0.716
IDN,2020,hdi,0.709
IND,2010,hdi,0.575
IND,2011,hdi,0.588
IND,2012,hdi,0.598
IND,2013,hdi,0.607
IND,2014,hdi,0.619
IND,2015,hdi,0.629
IND,2016,hdi,0.639
IND,2017,hdi,0.644
IND,2018,hdi,0.645
IND,2019,hdi,0.645
IND,2010,hdi,0.575
IND,2011,hdi,0.588
IND,2012,hdi,0.598
IND,2013,hdi,0.607
IND,2014,hdi,0.619
IND,2015,hdi,0.629
IND,2016,hdi,0.639
IND,2017,hdi,0.644
IND,2018,hdi,0.645
IND,2019,hdi,0.645
IND,2020,hdi,0.642
IRL,2010,hdi,0.904
IRL,2011,hdi,0.902
IRL,2012,hdi,0.903
IRL,2013,hdi,0.908
IRL,2014,hdi,0.914
IRL,2015,hdi,0.925
IRL,2016,hdi,0.929
IRL,2017,hdi,0.934
IRL,2018,hdi,0.937
IRL,2019,hdi,0.942
IRL,2010,hdi,0.904
IRL,2011,hdi,0.902
IRL,2012,hdi,0.903
IRL,2013,hdi,0.908
IRL,2014,hdi,0.914
IRL,2015,hdi,0.925
IRL,2016,hdi,0.929
IRL,2017,hdi,0.934
IRL,2018,hdi,0.937
IRL,2019,hdi,0.942
IRL,2020,hdi,0.943
IRN,2010,hdi,0.745
IRN,2011,hdi,0.754
IRN,2012,hdi,0.768
IRN,2013,hdi,0.769
IRN,2014,hdi,0.773
IRN,2015,hdi,0.776
IRN,2016,hdi,0.786
IRN,2017,hdi,0.789
IRN,2018,hdi,0.787
IRN,2019,hdi,0.783
IRN,2010,hdi,0.745
IRN,2011,hdi,0.754
IRN,2012,hdi,0.768
IRN,2013,hdi,0.769
IRN,2014,hdi,0.773
IRN,2015,hdi,0.776
IRN,2016,hdi,0.786
IRN,2017,hdi,0.789
IRN,2018,hdi,0.787
IRN,2019,hdi,0.783
IRN,2020,hdi,0.777
IRQ,2010,hdi,0.64
IRQ,2011,hdi,0.649
IRQ,2012,hdi,0.66
IRQ,2013,hdi,0.667
IRQ,2014,hdi,0.67
IRQ,2015,hdi,0.675
IRQ,2016,hdi,0.679
IRQ,2017,hdi,0.685
IRQ,2018,hdi,0.692
IRQ,2019,hdi,0.696
IRQ,2010,hdi,0.64
IRQ,2011,hdi,0.649
IRQ,2012,hdi,0.66
IRQ,2013,hdi,0.667
IRQ,2014,hdi,0.67
IRQ,2015,hdi,0.675
IRQ,2016,hdi,0.679
IRQ,2017,hdi,0.685
IRQ,2018,hdi,0.692
IRQ,2019,hdi,0.696
IRQ,2020,hdi,0.679
ISL,2010,hdi,0.902
ISL,2011,hdi,0.912
ISL,2012,hdi,0.921
ISL,2013,hdi,0.929
ISL,2014,hdi,0.938
ISL,2015,hdi,0.945
ISL,2016,hdi,0.948
ISL,2017,hdi,0.954
ISL,2018,hdi,0.959
ISL,2019,hdi,0.96
ISL,2010,hdi,0.902
ISL,2011,hdi,0.912
ISL,2012,hdi,0.921
ISL,2013,hdi,0.929
ISL,2014,hdi,0.938
ISL,2015,hdi,0.945
ISL,2016,hdi,0.948
ISL,2017,hdi,0.954
ISL,2018,hdi,0.959
ISL,2019,hdi,0.96
ISL,2020,hdi,0.957
ISR,2010,hdi,0.894
ISR,2011,hdi,0.897
ISR,2012,hdi,0.898
ISR,2013,hdi,0.904
ISR,2014,hdi,0.908
ISR,2015,hdi,0.909
ISR,2016,hdi,0.913
ISR,2017,hdi,0.917
ISR,2018,hdi,0.919
ISR,2019,hdi,0.921
ISR,2010,hdi,0.894
ISR,2011,hdi,0.897
ISR,2012,hdi,0.898
ISR,2013,hdi,0.904
ISR,2014,hdi,0.908
ISR,2015,hdi,0.909
ISR,2016,hdi,0.913
ISR,2017,hdi,0.917
ISR,2018,hdi,0.919
ISR,2019,hdi,0.921
ISR,2020,hdi,0.917
ITA,2010,hdi,0.882
ITA,2011,hdi,0.885
ITA,2012,hdi,0.883
ITA,2013,hdi,0.882
ITA,2014,hdi,0.883
ITA,2015,hdi,0.882
ITA,2016,hdi,0.887
ITA,2017,hdi,0.888
ITA,2018,hdi,0.893
ITA,2019,hdi,0.897
ITA,2010,hdi,0.882
ITA,2011,hdi,0.885
ITA,2012,hdi,0.883
ITA,2013,hdi,0.882
ITA,2014,hdi,0.883
ITA,2015,hdi,0.882
ITA,2016,hdi,0.887
ITA,2017,hdi,0.888
ITA,2018,hdi,0.893
ITA,2019,hdi,0.897
ITA,2020,hdi,0.889
JAM,2010,hdi,0.704
JAM,2011,hdi,0.709
JAM,2012,hdi,0.713
JAM,2013,hdi,0.714
JAM,2014,hdi,0.714
JAM,2015,hdi,0.713
JAM,2016,hdi,0.712
JAM,2017,hdi,0.715
JAM,2018,hdi,0.716
JAM,2019,hdi,0.719
JAM,2010,hdi,0.704
JAM,2011,hdi,0.709
JAM,2012,hdi,0.713
JAM,2013,hdi,0.714
JAM,2014,hdi,0.714
JAM,2015,hdi,0.713
JAM,2016,hdi,0.712
JAM,2017,hdi,0.715
JAM,2018,hdi,0.716
JAM,2019,hdi,0.719
JAM,2020,hdi,0.713
JOR,2010,hdi,0.725
JOR,2011,hdi,0.721
JOR,2012,hdi,0.721
JOR,2013,hdi,0.719
JOR,2014,hdi,0.719
JOR,2015,hdi,0.718
JOR,2016,hdi,0.718
JOR,2017,hdi,0.718
JOR,2018,hdi,0.723
JOR,2019,hdi,0.727
JOR,2010,hdi,0.725
JOR,2011,hdi,0.721
JOR,2012,hdi,0.721
JOR,2013,hdi,0.719
JOR,2014,hdi,0.719
JOR,2015,hdi,0.718
JOR,2016,hdi,0.718
JOR,2017,hdi,0.718
JOR,2018,hdi,0.723
JOR,2019,hdi,0.727
JOR,2020,hdi,0.723
JPN,2010,hdi,0.898
JPN,2011,hdi,0.899
JPN,2012,hdi,0.905
JPN,2013,hdi,0.91
JPN,2014,hdi,0.914
JPN,2015,hdi,0.918
JPN,2016,hdi,0.921
JPN,2017,hdi,0.922
JPN,2018,hdi,0.923
JPN,2019,hdi,0.924
JPN,2010,hdi,0.898
JPN,2011,hdi,0.899
JPN,2012,hdi,0.905
JPN,2013,hdi,0.91
JPN,2014,hdi,0.914
JPN,2015,hdi,0.918
JPN,2016,hdi,0.921
JPN,2017,hdi,0.922
JPN,2018,hdi,0.923
JPN,2019,hdi,0.924
JPN,2020,hdi,0.923
KAZ,2010,hdi,0.767
KAZ,2011,hdi,0.775
KAZ,2012,hdi,0.783
KAZ,2013,hdi,0.792
KAZ,2014,hdi,0.799
KAZ,2015,hdi,0.805
KAZ,2016,hdi,0.805
KAZ,2017,hdi,0.811
KAZ,2018,hdi,0.814
KAZ,2019,hdi,0.819
KAZ,2010,hdi,0.767
KAZ,2011,hdi,0.775
KAZ,2012,hdi,0.783
KAZ,2013,hdi,0.792
KAZ,2014,hdi,0.799
KAZ,2015,hdi,0.805
KAZ,2016,hdi,0.805
KAZ,2017,hdi,0.811
KAZ,2018,hdi,0.814
KAZ,2019,hdi,0.819
KAZ,2020,hdi,0.814
KEN,2010,hdi,0.545
KEN,2011,hdi,0.55
KEN,2012,hdi,0.552
KEN,2013,hdi,0.554
KEN,2014,hdi,0.558
KEN,2015,hdi,0.561
KEN,2016,hdi,0.569
KEN,2017,hdi,0.572
KEN,2018,hdi,0.577
KEN,2019,hdi,0.581
KEN,2010,hdi,0.545
KEN,2011,hdi,0.55
KEN,2012,hdi,0.552
KEN,2013,hdi,0.554
KEN,2014,hdi,0.558
KEN,2015,hdi,0.561
KEN,2016,hdi,0.569
KEN,2017,hdi,0.572
KEN,2018,hdi,0.577
KEN,2019,hdi,0.581
KEN,2020,hdi,0.578
KGZ,2010,hdi,0.664
KGZ,2011,hdi,0.665
KGZ,2012,hdi,0.675
KGZ,2013,hdi,0.682
KGZ,2014,hdi,0.688
KGZ,2015,hdi,0.69
KGZ,2016,hdi,0.693
KGZ,2017,hdi,0.696
KGZ,2018,hdi,0.698
KGZ,2019,hdi,0.698
KGZ,2010,hdi,0.664
KGZ,2011,hdi,0.665
KGZ,2012,hdi,0.675
KGZ,2013,hdi,0.682
KGZ,2014,hdi,0.688
KGZ,2015,hdi,0.69
KGZ,2016,hdi,0.693
KGZ,2017,hdi,0.696
KGZ,2018,hdi,0.698
KGZ,2019,hdi,0.698
KGZ,2020,hdi,0.689
KHM,2010,hdi,0.54
KHM,2011,hdi,0.548
KHM,2012,hdi,0.555
KHM,2013,hdi,0.562
KHM,2014,hdi,0.569
KHM,2015,hdi,0.574
KHM,2016,hdi,0.581
KHM,2017,hdi,0.586
KHM,2018,hdi,0.591
KHM,2019,hdi,0.598
KHM,2010,hdi,0.54
KHM,2011,hdi,0.548
KHM,2012,hdi,0.555
KHM,2013,hdi,0.562
KHM,2014,hdi,0.569
KHM,2015,hdi,0.574
KHM,2016,hdi,0.581
KHM,2017,hdi,0.586
KHM,2018,hdi,0.591
KHM,2019,hdi,0.598
KHM,2020,hdi,0.596
KIR,2010,hdi,0.589
KIR,2011,hdi,0.587
KIR,2012,hdi,0.594
KIR,2013,hdi,0.602
KIR,2014,hdi,0.61
KIR,2015,hdi,0.622
KIR,2016,hdi,0.617
KIR,2017,hdi,0.621
KIR,2018,hdi,0.622
KIR,2019,hdi,0.63
KIR,2010,hdi,0.589
KIR,2011,hdi,0.587
KIR,2012,hdi,0.594
KIR,2013,hdi,0.602
KIR,2014,hdi,0.61
KIR,2015,hdi,0.622
KIR,2016,hdi,0.617
KIR,2017,hdi,0.621
KIR,2018,hdi,0.622
KIR,2019,hdi,0.63
KIR,2020,hdi,0.623
KNA,2010,hdi,0.759
KNA,2011,hdi,0.764
KNA,2012,hdi,0.766
KNA,2013,hdi,0.77
KNA,2014,hdi,0.772
KNA,2015,hdi,0.772
KNA,2016,hdi,0.779
KNA,2017,hdi,0.778
KNA,2018,hdi,0.779
KNA,2019,hdi,0.783
KNA,2010,hdi,0.759
KNA,2011,hdi,0.764
KNA,2012,hdi,0.766
KNA,2013,hdi,0.77
KNA,2014,hdi,0.772
KNA,2015,hdi,0.772
KNA,2016,hdi,0.779
KNA,2017,hdi,0.778
KNA,2018,hdi,0.779
KNA,2019,hdi,0.783
KNA,2020,hdi,0.779
KOR,2010,hdi,0.89
KOR,2011,hdi,0.896
KOR,2012,hdi,0.897
KOR,2013,hdi,0.901
KOR,2014,hdi,0.906
KOR,2015,hdi,0.909
KOR,2016,hdi,0.912
KOR,2017,hdi,0.916
KOR,2018,hdi,0.919
KOR,2019,hdi,0.923
KOR,2010,hdi,0.89
KOR,2011,hdi,0.896
KOR,2012,hdi,0.897
KOR,2013,hdi,0.901
KOR,2014,hdi,0.906
KOR,2015,hdi,0.909
KOR,2016,hdi,0.912
KOR,2017,hdi,0.916
KOR,2018,hdi,0.919
KOR,2019,hdi,0.923
KOR,2020,hdi,0.922
KWT,2010,hdi,0.813
KWT,2011,hdi,0.82
KWT,2012,hdi,0.826
KWT,2013,hdi,0.819
KWT,2014,hdi,0.823
KWT,2015,hdi,0.83
KWT,2016,hdi,0.833
KWT,2017,hdi,0.835
KWT,2018,hdi,0.836
KWT,2019,hdi,0.839
KWT,2010,hdi,0.813
KWT,2011,hdi,0.82
KWT,2012,hdi,0.826
KWT,2013,hdi,0.819
KWT,2014,hdi,0.823
KWT,2015,hdi,0.83
KWT,2016,hdi,0.833
KWT,2017,hdi,0.835
KWT,2018,hdi,0.836
KWT,2019,hdi,0.839
KWT,2020,hdi,0.822
LAO,2010,hdi,0.551
LAO,2011,hdi,0.563
LAO,2012,hdi,0.572
LAO,2013,hdi,0.582
LAO,2014,hdi,0.592
LAO,2015,hdi,0.599
LAO,2016,hdi,0.604
LAO,2017,hdi,0.607
LAO,2018,hdi,0.607
LAO,2019,hdi,0.61
LAO,2010,hdi,0.551
LAO,2011,hdi,0.563
LAO,2012,hdi,0.572
LAO,2013,hdi,0.582
LAO,2014,hdi,0.592
LAO,2015,hdi,0.599
LAO,2016,hdi,0.604
LAO,2017,hdi,0.607
LAO,2018,hdi,0.607
LAO,2019,hdi,0.61
LAO,2020,hdi,0.608
LBN,2010,hdi,0.77
LBN,2011,hdi,0.771
LBN,2012,hdi,0.762
LBN,2013,hdi,0.759
LBN,2014,hdi,0.75
LBN,2015,hdi,0.746
LBN,2016,hdi,0.743
LBN,2017,hdi,0.75
LBN,2018,hdi,0.75
LBN,2019,hdi,0.745
LBN,2010,hdi,0.77
LBN,2011,hdi,0.771
LBN,2012,hdi,0.762
LBN,2013,hdi,0.759
LBN,2014,hdi,0.75
LBN,2015,hdi,0.746
LBN,2016,hdi,0.743
LBN,2017,hdi,0.75
LBN,2018,hdi,0.75
LBN,2019,hdi,0.745
LBN,2020,hdi,0.726
LBR,2010,hdi,0.46
LBR,2011,hdi,0.464
LBR,2012,hdi,0.47
LBR,2013,hdi,0.475
LBR,2014,hdi,0.472
LBR,2015,hdi,0.473
LBR,2016,hdi,0.478
LBR,2017,hdi,0.481
LBR,2018,hdi,0.483
LBR,2019,hdi,0.484
LBR,2010,hdi,0.46
LBR,2011,hdi,0.464
LBR,2012,hdi,0.47
LBR,2013,hdi,0.475
LBR,2014,hdi,0.472
LBR,2015,hdi,0.473
LBR,2016,hdi,0.478
LBR,2017,hdi,0.481
LBR,2018,hdi,0.483
LBR,2019,hdi,0.484
LBR,2020,hdi,0.48
LBY,2010,hdi,0.739
LBY,2011,hdi,0.69
LBY,2012,hdi,0.726
LBY,2013,hdi,0.716
LBY,2014,hdi,0.699
LBY,2015,hdi,0.699
LBY,2016,hdi,0.696
LBY,2017,hdi,0.714
LBY,2018,hdi,0.722
LBY,2019,hdi,0.722
LBY,2010,hdi,0.739
LBY,2011,hdi,0.69
LBY,2012,hdi,0.726
LBY,2013,hdi,0.716
LBY,2014,hdi,0.699
LBY,2015,hdi,0.699
LBY,2016,hdi,0.696
LBY,2017,hdi,0.714
LBY,2018,hdi,0.722
LBY,2019,hdi,0.722
LBY,2020,hdi,0.703
LCA,2010,hdi,0.728
LCA,2011,hdi,0.734
LCA,2012,hdi,0.734
LCA,2013,hdi,0.734
LCA,2014,hdi,0.735
LCA,2015,hdi,0.737
LCA,2016,hdi,0.744
LCA,2017,hdi,0.744
LCA,2018,hdi,0.746
LCA,2019,hdi,0.735
LCA,2010,hdi,0.728
LCA,2011,hdi,0.734
LCA,2012,hdi,0.734
LCA,2013,hdi,0.734
LCA,2014,hdi,0.735
LCA,2015,hdi,0.737
LCA,2016,hdi,0.744
LCA,2017,hdi,0.744
LCA,2018,hdi,0.746
LCA,2019,hdi,0.735
LCA,2020,hdi,0.723
LIE,2010,hdi,0.913
LIE,2011,hdi,0.918
LIE,2012,hdi,0.923
LIE,2013,hdi,0.922
LIE,2014,hdi,0.92
LIE,2015,hdi,0.924
LIE,2016,hdi,0.923
LIE,2017,hdi,0.933
LIE,2018,hdi,0.928
LIE,2019,hdi,0.94
LIE,2010,hdi,0.913
LIE,2011,hdi,0.918
LIE,2012,hdi,0.923
LIE,2013,hdi,0.922
LIE,2014,hdi,0.92
LIE,2015,hdi,0.924
LIE,2016,hdi,0.923
LIE,2017,hdi,0.933
LIE,2018,hdi,0.928
LIE,2019,hdi,0.94
LIE,2020,hdi,0.933
LKA,2010,hdi,0.737
LKA,2011,hdi,0.744
LKA,2012,hdi,0.751
LKA,2013,hdi,0.756
LKA,2014,hdi,0.76
LKA,2015,hdi,0.764
LKA,2016,hdi,0.767
LKA,2017,hdi,0.771
LKA,2018,hdi,0.776
LKA,2019,hdi,0.778
LKA,2010,hdi,0.737
LKA,2011,hdi,0.744
LKA,2012,hdi,0.751
LKA,2013,hdi,0.756
LKA,2014,hdi,0.76
LKA,2015,hdi,0.764
LKA,2016,hdi,0.767
LKA,2017,hdi,0.771
LKA,2018,hdi,0.776
LKA,2019,hdi,0.778
LKA,2020,hdi,0.78
LSO,2010,hdi,0.467
LSO,2011,hdi,0.475
LSO,2012,hdi,0.486
LSO,2013,hdi,0.49
LSO,2014,hdi,0.496
LSO,2015,hdi,0.503
LSO,2016,hdi,0.514
LSO,2017,hdi,0.518
LSO,2018,hdi,0.522
LSO,2019,hdi,0.524
LSO,2010,hdi,0.467
LSO,2011,hdi,0.475
LSO,2012,hdi,0.486
LSO,2013,hdi,0.49
LSO,2014,hdi,0.496
LSO,2015,hdi,0.503
LSO,2016,hdi,0.514
LSO,2017,hdi,0.518
LSO,2018,hdi,0.522
LSO,2019,hdi,0.524
LSO,2020,hdi,0.521
LTU,2010,hdi,0.842
LTU,2011,hdi,0.849
LTU,2012,hdi,0.851
LTU,2013,hdi,0.854
LTU,2014,hdi,0.861
LTU,2015,hdi,0.862
LTU,2016,hdi,0.868
LTU,2017,hdi,0.876
LTU,2018,hdi,0.88
LTU,2019,hdi,0.884
LTU,2010,hdi,0.842
LTU,2011,hdi,0.849
LTU,2012,hdi,0.851
LTU,2013,hdi,0.854
LTU,2014,hdi,0.861
LTU,2015,hdi,0.862
LTU,2016,hdi,0.868
LTU,2017,hdi,0.876
LTU,2018,hdi,0.88
LTU,2019,hdi,0.884
LTU,2020,hdi,0.879
LUX,2010,hdi,0.912
LUX,2011,hdi,0.913
LUX,2012,hdi,0.916
LUX,2013,hdi,0.921
LUX,2014,hdi,0.926
LUX,2015,hdi,0.915
LUX,2016,hdi,0.923
LUX,2017,hdi,0.919
LUX,2018,hdi,0.922
LUX,2019,hdi,0.927
LUX,2010,hdi,0.912
LUX,2011,hdi,0.913
LUX,2012,hdi,0.916
LUX,2013,hdi,0.921
LUX,2014,hdi,0.926
LUX,2015,hdi,0.915
LUX,2016,hdi,0.923
LUX,2017,hdi,0.919
LUX,2018,hdi,0.922
LUX,2019,hdi,0.927
LUX,2020,hdi,0.924
LVA,2010,hdi,0.824
LVA,2011,hdi,0.831
LVA,2012,hdi,0.833
LVA,2013,hdi,0.843
LVA,2014,hdi,0.846
LVA,2015,hdi,0.85
LVA,2016,hdi,0.855
LVA,2017,hdi,0.86
LVA,2018,hdi,0.866
LVA,2019,hdi,0.871
LVA,2010,hdi,0.824
LVA,2011,hdi,0.831
LVA,2012,hdi,0.833
LVA,2013,hdi,0.843
LVA,2014,hdi,0.846
LVA,2015,hdi,0.85
LVA,2016,hdi,0.855
LVA,2017,hdi,0.86
LVA,2018,hdi,0.866
LVA,2019,hdi,0.871
LVA,2020,hdi,0.871
MAR,2010,hdi,0.603
MAR,2011,hdi,0.614
MAR,2012,hdi,0.624
MAR,2013,hdi,0.635
MAR,2014,hdi,0.644
MAR,2015,hdi,0.654
MAR,2016,hdi,0.661
MAR,2017,hdi,0.67
MAR,2018,hdi,0.676
MAR,2019,hdi,0.682
MAR,2010,hdi,0.603
MAR,2011,hdi,0.614
MAR,2012,hdi,0.624
MAR,2013,hdi,0.635
MAR,2014,hdi,0.644
MAR,2015,hdi,0.654
MAR,2016,hdi,0.661
MAR,2017,hdi,0.67
MAR,2018,hdi,0.676
MAR,2019,hdi,0.682
MAR,2020,hdi,0.679
MDA,2010,hdi,0.73
MDA,2011,hdi,0.736
MDA,2012,hdi,0.741
MDA,2013,hdi,0.746
MDA,2014,hdi,0.75
MDA,2015,hdi,0.749
MDA,2016,hdi,0.756
MDA,2017,hdi,0.765
MDA,2018,hdi,0.768
MDA,2019,hdi,0.774
MDA,2010,hdi,0.73
MDA,2011,hdi,0.736
MDA,2012,hdi,0.741
MDA,2013,hdi,0.746
MDA,2014,hdi,0.75
MDA,2015,hdi,0.749
MDA,2016,hdi,0.756
MDA,2017,hdi,0.765
MDA,2018,hdi,0.768
MDA,2019,hdi,0.774
MDA,2020,hdi,0.766
MDG,2010,hdi,0.492
MDG,2011,hdi,0.494
MDG,2012,hdi,0.496
MDG,2013,hdi,0.499
MDG,2014,hdi,0.502
MDG,2015,hdi,0.504
MDG,2016,hdi,0.505
MDG,2017,hdi,0.507
MDG,2018,hdi,0.507
MDG,2019,hdi,0.51
MDG,2010,hdi,0.492
MDG,2011,hdi,0.494
MDG,2012,hdi,0.496
MDG,2013,hdi,0.499
MDG,2014,hdi,0.502
MDG,2015,hdi,0.504
MDG,2016,hdi,0.505
MDG,2017,hdi,0.507
MDG,2018,hdi,0.507
MDG,2019,hdi,0.51
MDG,2020,hdi,0.501
MDV,2010,hdi,0.688
MDV,2011,hdi,0.7
MDV,2012,hdi,0.709
MDV,2013,hdi,0.718
MDV,2014,hdi,0.728
MDV,2015,hdi,0.736
MDV,2016,hdi,0.741
MDV,2017,hdi,0.746
MDV,2018,hdi,0.75
MDV,2019,hdi,0.755
MDV,2010,hdi,0.688
MDV,2011,hdi,0.7
MDV,2012,hdi,0.709
MDV,2013,hdi,0.718
MDV,2014,hdi,0.728
MDV,2015,hdi,0.736
MDV,2016,hdi,0.741
MDV,2017,hdi,0.746
MDV,2018,hdi,0.75
MDV,2019,hdi,0.755
MDV,2020,hdi,0.734
MEX,2010,hdi,0.746
MEX,2011,hdi,0.752
MEX,2012,hdi,0.76
MEX,2013,hdi,0.76
MEX,2014,hdi,0.764
MEX,2015,hdi,0.768
MEX,2016,hdi,0.772
MEX,2017,hdi,0.775
MEX,2018,hdi,0.777
MEX,2019,hdi,0.779
MEX,2010,hdi,0.746
MEX,2011,hdi,0.752
MEX,2012,hdi,0.76
MEX,2013,hdi,0.76
MEX,2014,hdi,0.764
MEX,2015,hdi,0.768
MEX,2016,hdi,0.772
MEX,2017,hdi,0.775
MEX,2018,hdi,0.777
MEX,2019,hdi,0.779
MEX,2020,hdi,0.756
MHL,2011,hdi,0.633
MHL,2012,hdi,0.628
MHL,2013,hdi,0.632
MHL,2014,hdi,0.633
MHL,2015,hdi,0.638
MHL,2016,hdi,0.637
MHL,2017,hdi,0.638
MHL,2018,hdi,0.639
MHL,2019,hdi,0.64
MHL,2011,hdi,0.633
MHL,2012,hdi,0.628
MHL,2013,hdi,0.632
MHL,2014,hdi,0.633
MHL,2015,hdi,0.638
MHL,2016,hdi,0.637
MHL,2017,hdi,0.638
MHL,2018,hdi,0.639
MHL,2019,hdi,0.64
MHL,2020,hdi,0.639
MKD,2010,hdi,0.738
MKD,2011,hdi,0.741
MKD,2012,hdi,0.743
MKD,2013,hdi,0.75
MKD,2014,hdi,0.755
MKD,2015,hdi,0.762
MKD,2016,hdi,0.767
MKD,2017,hdi,0.773
MKD,2018,hdi,0.779
MKD,2019,hdi,0.784
MKD,2010,hdi,0.738
MKD,2011,hdi,0.741
MKD,2012,hdi,0.743
MKD,2013,hdi,0.75
MKD,2014,hdi,0.755
MKD,2015,hdi,0.762
MKD,2016,hdi,0.767
MKD,2017,hdi,0.773
MKD,2018,hdi,0.779
MKD,2019,hdi,0.784
MKD,2020,hdi,0.774
MLI,2010,hdi,0.404
MLI,2011,hdi,0.409
MLI,2012,hdi,0.407
MLI,2013,hdi,0.407
MLI,2014,hdi,0.415
MLI,2015,hdi,0.416
MLI,2016,hdi,0.421
MLI,2017,hdi,0.426
MLI,2018,hdi,0.43
MLI,2019,hdi,0.433
MLI,2010,hdi,0.404
MLI,2011,hdi,0.409
MLI,2012,hdi,0.407
MLI,2013,hdi,0.407
MLI,2014,hdi,0.415
MLI,2015,hdi,0.416
MLI,2016,hdi,0.421
MLI,2017,hdi,0.426
MLI,2018,hdi,0.43
MLI,2019,hdi,0.433
MLI,2020,hdi,0.427
MLT,2010,hdi,0.861
MLT,2011,hdi,0.857
MLT,2012,hdi,0.864
MLT,2013,hdi,0.872
MLT,2014,hdi,0.881
MLT,2015,hdi,0.889
MLT,2016,hdi,0.891
MLT,2017,hdi,0.901
MLT,2018,hdi,0.91
MLT,2019,hdi,0.915
MLT,2010,hdi,0.861
MLT,2011,hdi,0.857
MLT,2012,hdi,0.864
MLT,2013,hdi,0.872
MLT,2014,hdi,0.881
MLT,2015,hdi,0.889
MLT,2016,hdi,0.891
MLT,2017,hdi,0.901
MLT,2018,hdi,0.91
MLT,2019,hdi,0.915
MLT,2020,hdi,0.911
MMR,2010,hdi,0.51
MMR,2011,hdi,0.521
MMR,2012,hdi,0.531
MMR,2013,hdi,0.543
MMR,2014,hdi,0.553
MMR,2015,hdi,0.562
MMR,2016,hdi,0.572
MMR,2017,hdi,0.58
MMR,2018,hdi,0.59
MMR,2019,hdi,0.598
MMR,2010,hdi,0.51
MMR,2011,hdi,0.521
MMR,2012,hdi,0.531
MMR,2013,hdi,0.543
MMR,2014,hdi,0.553
MMR,2015,hdi,0.562
MMR,2016,hdi,0.572
MMR,2017,hdi,0.58
MMR,2018,hdi,0.59
MMR,2019,hdi,0.598
MMR,2020,hdi,0.6
MNE,2010,hdi,0.808
MNE,2011,hdi,0.811
MNE,2012,hdi,0.812
MNE,2013,hdi,0.817
MNE,2014,hdi,0.819
MNE,2015,hdi,0.822
MNE,2016,hdi,0.824
MNE,2017,hdi,0.83
MNE,2018,hdi,0.834
MNE,2019,hdi,0.837
MNE,2010,hdi,0.808
MNE,2011,hdi,0.811
MNE,2012,hdi,0.812
MNE,2013,hdi,0.817
MNE,2014,hdi,0.819
MNE,2015,hdi,0.822
MNE,2016,hdi,0.824
MNE,2017,hdi,0.83
MNE,2018,hdi,0.834
MNE,2019,hdi,0.837
MNE,2020,hdi,0.826
MNG,2010,hdi,0.701
MNG,2011,hdi,0.709
MNG,2012,hdi,0.718
MNG,2013,hdi,0.726
MNG,2014,hdi,0.729
MNG,2015,hdi,0.732
MNG,2016,hdi,0.733
MNG,2017,hdi,0.732
MNG,2018,hdi,0.743
MNG,2019,hdi,0.746
MNG,2010,hdi,0.701
MNG,2011,hdi,0.709
MNG,2012,hdi,0.718
MNG,2013,hdi,0.726
MNG,2014,hdi,0.729
MNG,2015,hdi,0.732
MNG,2016,hdi,0.733
MNG,2017,hdi,0.732
MNG,2018,hdi,0.743
MNG,2019,hdi,0.746
MNG,2020,hdi,0.745
MOZ,2010,hdi,0.402
MOZ,2011,hdi,0.407
MOZ,2012,hdi,0.413
MOZ,2013,hdi,0.427
MOZ,2014,hdi,0.433
MOZ,2015,hdi,0.44
MOZ,2016,hdi,0.443
MOZ,2017,hdi,0.445
MOZ,2018,hdi,0.451
MOZ,2019,hdi,0.456
MOZ,2010,hdi,0.402
MOZ,2011,hdi,0.407
MOZ,2012,hdi,0.413
MOZ,2013,hdi,0.427
MOZ,2014,hdi,0.433
MOZ,2015,hdi,0.44
MOZ,2016,hdi,0.443
MOZ,2017,hdi,0.445
MOZ,2018,hdi,0.451
MOZ,2019,hdi,0.456
MOZ,2020,hdi,0.453
MRT,2010,hdi,0.51
MRT,2011,hdi,0.515
MRT,2012,hdi,0.523
MRT,2013,hdi,0.531
MRT,2014,hdi,0.537
MRT,2015,hdi,0.544
MRT,2016,hdi,0.541
MRT,2017,hdi,0.545
MRT,2018,hdi,0.556
MRT,2019,hdi,0.563
MRT,2010,hdi,0.51
MRT,2011,hdi,0.515
MRT,2012,hdi,0.523
MRT,2013,hdi,0.531
MRT,2014,hdi,0.537
MRT,2015,hdi,0.544
MRT,2016,hdi,0.541
MRT,2017,hdi,0.545
MRT,2018,hdi,0.556
MRT,2019,hdi,0.563
MRT,2020,hdi,0.556
MUS,2010,hdi,0.755
MUS,2011,hdi,0.762
MUS,2012,hdi,0.775
MUS,2013,hdi,0.782
MUS,2014,hdi,0.793
MUS,2015,hdi,0.795
MUS,2016,hdi,0.801
MUS,2017,hdi,0.805
MUS,2018,hdi,0.811
MUS,2019,hdi,0.817
MUS,2010,hdi,0.755
MUS,2011,hdi,0.762
MUS,2012,hdi,0.775
MUS,2013,hdi,0.782
MUS,2014,hdi,0.793
MUS,2015,hdi,0.795
MUS,2016,hdi,0.801
MUS,2017,hdi,0.805
MUS,2018,hdi,0.811
MUS,2019,hdi,0.817
MUS,2020,hdi,0.804
MWI,2010,hdi,0.456
MWI,2011,hdi,0.463
MWI,2012,hdi,0.47
MWI,2013,hdi,0.478
MWI,2014,hdi,0.487
MWI,2015,hdi,0.491
MWI,2016,hdi,0.498
MWI,2017,hdi,0.505
MWI,2018,hdi,0.51
MWI,2019,hdi,0.519
MWI,2010,hdi,0.456
MWI,2011,hdi,0.463
MWI,2012,hdi,0.47
MWI,2013,hdi,0.478
MWI,2014,hdi,0.487
MWI,2015,hdi,0.491
MWI,2016,hdi,0.498
MWI,2017,hdi,0.505
MWI,2018,hdi,0.51
MWI,2019,hdi,0.519
MWI,2020,hdi,0.516
MYS,2010,hdi,0.769
MYS,2011,hdi,0.773
MYS,2012,hdi,0.78
MYS,2013,hdi,0.785
MYS,2014,hdi,0.792
MYS,2015,hdi,0.797
MYS,2016,hdi,0.803
MYS,2017,hdi,0.805
MYS,2018,hdi,0.807
MYS,2019,hdi,0.81
MYS,2010,hdi,0.769
MYS,2011,hdi,0.773
MYS,2012,hdi,0.78
MYS,2013,hdi,0.785
MYS,2014,hdi,0.792
MYS,2015,hdi,0.797
MYS,2016,hdi,0.803
MYS,2017,hdi,0.805
MYS,2018,hdi,0.807
MYS,2019,hdi,0.81
MYS,2020,hdi,0.806
NAM,2010,hdi,0.585
NAM,2011,hdi,0.592
NAM,2012,hdi,0.601
NAM,2013,hdi,0.611
NAM,2014,hdi,0.621
NAM,2015,hdi,0.628
NAM,2016,hdi,0.632
NAM,2017,hdi,0.635
NAM,2018,hdi,0.636
NAM,2019,hdi,0.639
NAM,2010,hdi,0.585
NAM,2011,hdi,0.592
NAM,2012,hdi,0.601
NAM,2013,hdi,0.611
NAM,2014,hdi,0.621
NAM,2015,hdi,0.628
NAM,2016,hdi,0.632
NAM,2017,hdi,0.635
NAM,2018,hdi,0.636
NAM,2019,hdi,0.639
NAM,2020,hdi,0.633
NER,2010,hdi,0.338
NER,2011,hdi,0.346
NER,2012,hdi,0.354
NER,2013,hdi,0.362
NER,2014,hdi,0.37
NER,2015,hdi,0.376
NER,2016,hdi,0.383
NER,2017,hdi,0.39
NER,2018,hdi,0.399
NER,2019,hdi,0.406
NER,2010,hdi,0.338
NER,2011,hdi,0.346
NER,2012,hdi,0.354
NER,2013,hdi,0.362
NER,2014,hdi,0.37
NER,2015,hdi,0.376
NER,2016,hdi,0.383
NER,2017,hdi,0.39
NER,2018,hdi,0.399
NER,2019,hdi,0.406
NER,2020,hdi,0.401
NGA,2010,hdi,0.482
NGA,2011,hdi,0.492
NGA,2012,hdi,0.499
NGA,2013,hdi,0.506
NGA,2014,hdi,0.512
NGA,2015,hdi,0.516
NGA,2016,hdi,0.521
NGA,2017,hdi,0.526
NGA,2018,hdi,0.531
NGA,2019,hdi,0.538
NGA,2010,hdi,0.482
NGA,2011,hdi,0.492
NGA,2012,hdi,0.499
NGA,2013,hdi,0.506
NGA,2014,hdi,0.512
NGA,2015,hdi,0.516
NGA,2016,hdi,0.521
NGA,2017,hdi,0.526
NGA,2018,hdi,0.531
NGA,2019,hdi,0.538
NGA,2020,hdi,0.535
NIC,2010,hdi,0.614
NIC,2011,hdi,0.622
NIC,2012,hdi,0.629
NIC,2013,hdi,0.634
NIC,2014,hdi,0.641
NIC,2015,hdi,0.647
NIC,2016,hdi,0.653
NIC,2017,hdi,0.659
NIC,2018,hdi,0.662
NIC,2019,hdi,0.664
NIC,2010,hdi,0.614
NIC,2011,hdi,0.622
NIC,2012,hdi,0.629
NIC,2013,hdi,0.634
NIC,2014,hdi,0.641
NIC,2015,hdi,0.647
NIC,2016,hdi,0.653
NIC,2017,hdi,0.659
NIC,2018,hdi,0.662
NIC,2019,hdi,0.664
NIC,2020,hdi,0.654
NLD,2010,hdi,0.917
NLD,2011,hdi,0.927
NLD,2012,hdi,0.927
NLD,2013,hdi,0.929
NLD,2014,hdi,0.931
NLD,2015,hdi,0.932
NLD,2016,hdi,0.933
NLD,2017,hdi,0.937
NLD,2018,hdi,0.939
NLD,2019,hdi,0.943
NLD,2010,hdi,0.917
NLD,2011,hdi,0.927
NLD,2012,hdi,0.927
NLD,2013,hdi,0.929
NLD,2014,hdi,0.931
NLD,2015,hdi,0.932
NLD,2016,hdi,0.933
NLD,2017,hdi,0.937
NLD,2018,hdi,0.939
NLD,2019,hdi,0.943
NLD,2020,hdi,0.939
NOR,2010,hdi,0.941
NOR,2011,hdi,0.944
NOR,2012,hdi,0.946
NOR,2013,hdi,0.949
NOR,2014,hdi,0.952
NOR,2015,hdi,0.953
NOR,2016,hdi,0.955
NOR,2017,hdi,0.959
NOR,2018,hdi,0.962
NOR,2019,hdi,0.961
NOR,2010,hdi,0.941
NOR,2011,hdi,0.944
NOR,2012,hdi,0.946
NOR,2013,hdi,0.949
NOR,2014,hdi,0.952
NOR,2015,hdi,0.953
NOR,2016,hdi,0.955
NOR,2017,hdi,0.959
NOR,2018,hdi,0.962
NOR,2019,hdi,0.961
NOR,2020,hdi,0.959
NPL,2010,hdi,0.543
NPL,2011,hdi,0.553
NPL,2012,hdi,0.561
NPL,2013,hdi,0.57
NPL,2014,hdi,0.576
NPL,2015,hdi,0.579
NPL,2016,hdi,0.586
NPL,2017,hdi,0.594
NPL,2018,hdi,0.601
NPL,2019,hdi,0.611
NPL,2010,hdi,0.543
NPL,2011,hdi,0.553
NPL,2012,hdi,0.561
NPL,2013,hdi,0.57
NPL,2014,hdi,0.576
NPL,2015,hdi,0.579
NPL,2016,hdi,0.586
NPL,2017,hdi,0.594
NPL,2018,hdi,0.601
NPL,2019,hdi,0.611
NPL,2020,hdi,0.604
NZL,2010,hdi,0.922
NZL,2011,hdi,0.922
NZL,2012,hdi,0.924
NZL,2013,hdi,0.929
NZL,2014,hdi,0.93
NZL,2015,hdi,0.931
NZL,2016,hdi,0.934
NZL,2017,hdi,0.935
NZL,2018,hdi,0.936
NZL,2019,hdi,0.937
NZL,2010,hdi,0.922
NZL,2011,hdi,0.922
NZL,2012,hdi,0.924
NZL,2013,hdi,0.929
NZL,2014,hdi,0.93
NZL,2015,hdi,0.931
NZL,2016,hdi,0.934
NZL,2017,hdi,0.935
NZL,2018,hdi,0.936
NZL,2019,hdi,0.937
NZL,2020,hdi,0.936
OMN,2010,hdi,0.788
OMN,2011,hdi,0.793
OMN,2012,hdi,0.802
OMN,2013,hdi,0.809
OMN,2014,hdi,0.814
OMN,2015,hdi,0.823
OMN,2016,hdi,0.833
OMN,2017,hdi,0.831
OMN,2018,hdi,0.834
OMN,2019,hdi,0.839
OMN,2010,hdi,0.788
OMN,2011,hdi,0.793
OMN,2012,hdi,0.802
OMN,2013,hdi,0.809
OMN,2014,hdi,0.814
OMN,2015,hdi,0.823
OMN,2016,hdi,0.833
OMN,2017,hdi,0.831
OMN,2018,hdi,0.834
OMN,2019,hdi,0.839
OMN,2020,hdi,0.827
PAK,2010,hdi,0.505
PAK,2011,hdi,0.508
PAK,2012,hdi,0.513
PAK,2013,hdi,0.518
PAK,2014,hdi,0.527
PAK,2015,hdi,0.534
PAK,2016,hdi,0.541
PAK,2017,hdi,0.543
PAK,2018,hdi,0.545
PAK,2019,hdi,0.546
PAK,2010,hdi,0.505
PAK,2011,hdi,0.508
PAK,2012,hdi,0.513
PAK,2013,hdi,0.518
PAK,2014,hdi,0.527
PAK,2015,hdi,0.534
PAK,2016,hdi,0.541
PAK,2017,hdi,0.543
PAK,2018,hdi,0.545
PAK,2019,hdi,0.546
PAK,2020,hdi,0.543
PAN,2010,hdi,0.773
PAN,2011,hdi,0.779
PAN,2012,hdi,0.785
PAN,2013,hdi,0.79
PAN,2014,hdi,0.794
PAN,2015,hdi,0.8
PAN,2016,hdi,0.805
PAN,2017,hdi,0.811
PAN,2018,hdi,0.814
PAN,2019,hdi,0.817
PAN,2010,hdi,0.773
PAN,2011,hdi,0.779
PAN,2012,hdi,0.785
PAN,2013,hdi,0.79
PAN,2014,hdi,0.794
PAN,2015,hdi,0.8
PAN,2016,hdi,0.805
PAN,2017,hdi,0.811
PAN,2018,hdi,0.814
PAN,2019,hdi,0.817
PAN,2020,hdi,0.801
PER,2010,hdi,0.725
PER,2011,hdi,0.732
PER,2012,hdi,0.742
PER,2013,hdi,0.75
PER,2014,hdi,0.755
PER,2015,hdi,0.759
PER,2016,hdi,0.765
PER,2017,hdi,0.77
PER,2018,hdi,0.776
PER,2019,hdi,0.78
PER,2010,hdi,0.725
PER,2011,hdi,0.732
PER,2012,hdi,0.742
PER,2013,hdi,0.75
PER,2014,hdi,0.755
PER,2015,hdi,0.759
PER,2016,hdi,0.765
PER,2017,hdi,0.77
PER,2018,hdi,0.776
PER,2019,hdi,0.78
PER,2020,hdi,0.762
PHL,2010,hdi,0.674
PHL,2011,hdi,0.679
PHL,2012,hdi,0.685
PHL,2013,hdi,0.692
PHL,2014,hdi,0.696
PHL,2015,hdi,0.698
PHL,2016,hdi,0.7
PHL,2017,hdi,0.704
PHL,2018,hdi,0.71
PHL,2019,hdi,0.718
PHL,2010,hdi,0.674
PHL,2011,hdi,0.679
PHL,2012,hdi,0.685
PHL,2013,hdi,0.692
PHL,2014,hdi,0.696
PHL,2015,hdi,0.698
PHL,2016,hdi,0.7
PHL,2017,hdi,0.704
PHL,2018,hdi,0.71
PHL,2019,hdi,0.718
PHL,2020,hdi,0.71
PLW,2010,hdi,0.773
PLW,2011,hdi,0.776
PLW,2012,hdi,0.776
PLW,2013,hdi,0.779
PLW,2014,hdi,0.779
PLW,2015,hdi,0.78
PLW,2016,hdi,0.778
PLW,2017,hdi,0.775
PLW,2018,hdi,0.778
PLW,2019,hdi,0.776
PLW,2010,hdi,0.773
PLW,2011,hdi,0.776
PLW,2012,hdi,0.776
PLW,2013,hdi,0.779
PLW,2014,hdi,0.779
PLW,2015,hdi,0.78
PLW,2016,hdi,0.778
PLW,2017,hdi,0.775
PLW,2018,hdi,0.778
PLW,2019,hdi,0.776
PLW,2020,hdi,0.773
PNG,2010,hdi,0.499
PNG,2011,hdi,0.504
PNG,2012,hdi,0.513
PNG,2013,hdi,0.518
PNG,2014,hdi,0.533
PNG,2015,hdi,0.541
PNG,2016,hdi,0.547
PNG,2017,hdi,0.552
PNG,2018,hdi,0.554
PNG,2019,hdi,0.56
PNG,2010,hdi,0.499
PNG,2011,hdi,0.504
PNG,2012,hdi,0.513
PNG,2013,hdi,0.518
PNG,2014,hdi,0.533
PNG,2015,hdi,0.541
PNG,2016,hdi,0.547
PNG,2017,hdi,0.552
PNG,2018,hdi,0.554
PNG,2019,hdi,0.56
PNG,2020,hdi,0.56
POL,2010,hdi,0.841
POL,2011,hdi,0.847
POL,2012,hdi,0.852
POL,2013,hdi,0.863
POL,2014,hdi,0.865
POL,2015,hdi,0.868
POL,2016,hdi,0.872
POL,2017,hdi,0.875
POL,2018,hdi,0.877
POL,2019,hdi,0.881
POL,2010,hdi,0.841
POL,2011,hdi,0.847
POL,2012,hdi,0.852
POL,2013,hdi,0.863
POL,2014,hdi,0.865
POL,2015,hdi,0.868
POL,2016,hdi,0.872
POL,2017,hdi,0.875
POL,2018,hdi,0.877
POL,2019,hdi,0.881
POL,2020,hdi,0.876
PRT,2010,hdi,0.829
PRT,2011,hdi,0.835
PRT,2012,hdi,0.836
PRT,2013,hdi,0.845
PRT,2014,hdi,0.848
PRT,2015,hdi,0.85
PRT,2016,hdi,0.853
PRT,2017,hdi,0.859
PRT,2018,hdi,0.86
PRT,2019,hdi,0.867
PRT,2010,hdi,0.829
PRT,2011,hdi,0.835
PRT,2012,hdi,0.836
PRT,2013,hdi,0.845
PRT,2014,hdi,0.848
PRT,2015,hdi,0.85
PRT,2016,hdi,0.853
PRT,2017,hdi,0.859
PRT,2018,hdi,0.86
PRT,2019,hdi,0.867
PRT,2020,hdi,0.863
PRY,2010,hdi,0.685
PRY,2011,hdi,0.696
PRY,2012,hdi,0.702
PRY,2013,hdi,0.715
PRY,2014,hdi,0.716
PRY,2015,hdi,0.723
PRY,2016,hdi,0.721
PRY,2017,hdi,0.724
PRY,2018,hdi,0.727
PRY,2019,hdi,0.732
PRY,2010,hdi,0.685
PRY,2011,hdi,0.696
PRY,2012,hdi,0.702
PRY,2013,hdi,0.715
PRY,2014,hdi,0.716
PRY,2015,hdi,0.723
PRY,2016,hdi,0.721
PRY,2017,hdi,0.724
PRY,2018,hdi,0.727
PRY,2019,hdi,0.732
PRY,2020,hdi,0.73
PSE,2010,hdi,0.687
PSE,2011,hdi,0.694
PSE,2012,hdi,0.701
PSE,2013,hdi,0.703
PSE,2014,hdi,0.698
PSE,2015,hdi,0.71
PSE,2016,hdi,0.715
PSE,2017,hdi,0.719
PSE,2018,hdi,0.723
PSE,2019,hdi,0.727
PSE,2010,hdi,0.687
PSE,2011,hdi,0.694
PSE,2012,hdi,0.701
PSE,2013,hdi,0.703
PSE,2014,hdi,0.698
PSE,2015,hdi,0.71
PSE,2016,hdi,0.715
PSE,2017,hdi,0.719
PSE,2018,hdi,0.723
PSE,2019,hdi,0.727
PSE,2020,hdi,0.716
QAT,2010,hdi,0.834
QAT,2011,hdi,0.844
QAT,2012,hdi,0.829
QAT,2013,hdi,0.834
QAT,2014,hdi,0.839
QAT,2015,hdi,0.846
QAT,2016,hdi,0.85
QAT,2017,hdi,0.849
QAT,2018,hdi,0.853
QAT,2019,hdi,0.859
QAT,2010,hdi,0.834
QAT,2011,hdi,0.844
QAT,2012,hdi,0.829
QAT,2013,hdi,0.834
QAT,2014,hdi,0.839
QAT,2015,hdi,0.846
QAT,2016,hdi,0.85
QAT,2017,hdi,0.849
QAT,2018,hdi,0.853
QAT,2019,hdi,0.859
QAT,2020,hdi,0.854
ROU,2010,hdi,0.807
ROU,2011,hdi,0.808
ROU,2012,hdi,0.805
ROU,2013,hdi,0.81
ROU,2014,hdi,0.811
ROU,2015,hdi,0.813
ROU,2016,hdi,0.816
ROU,2017,hdi,0.823
ROU,2018,hdi,0.827
ROU,2019,hdi,0.832
ROU,2010,hdi,0.807
ROU,2011,hdi,0.808
ROU,2012,hdi,0.805
ROU,2013,hdi,0.81
ROU,2014,hdi,0.811
ROU,2015,hdi,0.813
ROU,2016,hdi,0.816
ROU,2017,hdi,0.823
ROU,2018,hdi,0.827
ROU,2019,hdi,0.832
ROU,2020,hdi,0.824
RUS,2010,hdi,0.796
RUS,2011,hdi,0.808
RUS,2012,hdi,0.811
RUS,2013,hdi,0.817
RUS,2014,hdi,0.818
RUS,2015,hdi,0.824
RUS,2016,hdi,0.828
RUS,2017,hdi,0.833
RUS,2018,hdi,0.841
RUS,2019,hdi,0.845
RUS,2010,hdi,0.796
RUS,2011,hdi,0.808
RUS,2012,hdi,0.811
RUS,2013,hdi,0.817
RUS,2014,hdi,0.818
RUS,2015,hdi,0.824
RUS,2016,hdi,0.828
RUS,2017,hdi,0.833
RUS,2018,hdi,0.841
RUS,2019,hdi,0.845
RUS,2020,hdi,0.83
RWA,2010,hdi,0.489
RWA,2011,hdi,0.497
RWA,2012,hdi,0.506
RWA,2013,hdi,0.508
RWA,2014,hdi,0.513
RWA,2015,hdi,0.515
RWA,2016,hdi,0.524
RWA,2017,hdi,0.526
RWA,2018,hdi,0.528
RWA,2019,hdi,0.534
RWA,2010,hdi,0.489
RWA,2011,hdi,0.497
RWA,2012,hdi,0.506
RWA,2013,hdi,0.508
RWA,2014,hdi,0.513
RWA,2015,hdi,0.515
RWA,2016,hdi,0.524
RWA,2017,hdi,0.526
RWA,2018,hdi,0.528
RWA,2019,hdi,0.534
RWA,2020,hdi,0.532
SAU,2010,hdi,0.816
SAU,2011,hdi,0.828
SAU,2012,hdi,0.837
SAU,2013,hdi,0.845
SAU,2014,hdi,0.852
SAU,2015,hdi,0.859
SAU,2016,hdi,0.864
SAU,2017,hdi,0.86
SAU,2018,hdi,0.865
SAU,2019,hdi,0.873
SAU,2010,hdi,0.816
SAU,2011,hdi,0.828
SAU,2012,hdi,0.837
SAU,2013,hdi,0.845
SAU,2014,hdi,0.852
SAU,2015,hdi,0.859
SAU,2016,hdi,0.864
SAU,2017,hdi,0.86
SAU,2018,hdi,0.865
SAU,2019,hdi,0.873
SAU,2020,hdi,0.87
SDN,2010,hdi,0.486
SDN,2011,hdi,0.487
SDN,2012,hdi,0.493
SDN,2013,hdi,0.497
SDN,2014,hdi,0.504
SDN,2015,hdi,0.508
SDN,2016,hdi,0.511
SDN,2017,hdi,0.514
SDN,2018,hdi,0.514
SDN,2019,hdi,0.514
SDN,2010,hdi,0.486
SDN,2011,hdi,0.487
SDN,2012,hdi,0.493
SDN,2013,hdi,0.497
SDN,2014,hdi,0.504
SDN,2015,hdi,0.508
SDN,2016,hdi,0.511
SDN,2017,hdi,0.514
SDN,2018,hdi,0.514
SDN,2019,hdi,0.514
SDN,2020,hdi,0.51
SEN,2010,hdi,0.468
SEN,2011,hdi,0.482
SEN,2012,hdi,0.49
SEN,2013,hdi,0.496
SEN,2014,hdi,0.502
SEN,2015,hdi,0.505
SEN,2016,hdi,0.507
SEN,2017,hdi,0.509
SEN,2018,hdi,0.512
SEN,2019,hdi,0.513
SEN,2010,hdi,0.468
SEN,2011,hdi,0.482
SEN,2012,hdi,0.49
SEN,2013,hdi,0.496
SEN,2014,hdi,0.502
SEN,2015,hdi,0.505
SEN,2016,hdi,0.507
SEN,2017,hdi,0.509
SEN,2018,hdi,0.512
SEN,2019,hdi,0.513
SEN,2020,hdi,0.513
SGP,2010,hdi,0.91
SGP,2011,hdi,0.915
SGP,2012,hdi,0.92
SGP,2013,hdi,0.923
SGP,2014,hdi,0.928
SGP,2015,hdi,0.93
SGP,2016,hdi,0.934
SGP,2017,hdi,0.935
SGP,2018,hdi,0.94
SGP,2019,hdi,0.943
SGP,2010,hdi,0.91
SGP,2011,hdi,0.915
SGP,2012,hdi,0.92
SGP,2013,hdi,0.923
SGP,2014,hdi,0.928
SGP,2015,hdi,0.93
SGP,2016,hdi,0.934
SGP,2017,hdi,0.935
SGP,2018,hdi,0.94
SGP,2019,hdi,0.943
SGP,2020,hdi,0.939
SLB,2010,hdi,0.55
SLB,2011,hdi,0.553
SLB,2012,hdi,0.554
SLB,2013,hdi,0.559
SLB,2014,hdi,0.558
SLB,2015,hdi,0.559
SLB,2016,hdi,0.56
SLB,2017,hdi,0.564
SLB,2018,hdi,0.566
SLB,2019,hdi,0.567
SLB,2010,hdi,0.55
SLB,2011,hdi,0.553
SLB,2012,hdi,0.554
SLB,2013,hdi,0.559
SLB,2014,hdi,0.558
SLB,2015,hdi,0.559
SLB,2016,hdi,0.56
SLB,2017,hdi,0.564
SLB,2018,hdi,0.566
SLB,2019,hdi,0.567
SLB,2020,hdi,0.565
SLE,2010,hdi,0.427
SLE,2011,hdi,0.433
SLE,2012,hdi,0.447
SLE,2013,hdi,0.459
SLE,2014,hdi,0.461
SLE,2015,hdi,0.453
SLE,2016,hdi,0.457
SLE,2017,hdi,0.466
SLE,2018,hdi,0.47
SLE,2019,hdi,0.48
SLE,2010,hdi,0.427
SLE,2011,hdi,0.433
SLE,2012,hdi,0.447
SLE,2013,hdi,0.459
SLE,2014,hdi,0.461
SLE,2015,hdi,0.453
SLE,2016,hdi,0.457
SLE,2017,hdi,0.466
SLE,2018,hdi,0.47
SLE,2019,hdi,0.48
SLE,2020,hdi,0.475
SLV,2010,hdi,0.659
SLV,2011,hdi,0.661
SLV,2012,hdi,0.664
SLV,2013,hdi,0.667
SLV,2014,hdi,0.666
SLV,2015,hdi,0.668
SLV,2016,hdi,0.671
SLV,2017,hdi,0.674
SLV,2018,hdi,0.68
SLV,2019,hdi,0.683
SLV,2010,hdi,0.659
SLV,2011,hdi,0.661
SLV,2012,hdi,0.664
SLV,2013,hdi,0.667
SLV,2014,hdi,0.666
SLV,2015,hdi,0.668
SLV,2016,hdi,0.671
SLV,2017,hdi,0.674
SLV,2018,hdi,0.68
SLV,2019,hdi,0.683
SLV,2020,hdi,0.672
SMR,2018,hdi,0.86
SMR,2019,hdi,0.862
SMR,2018,hdi,0.86
SMR,2019,hdi,0.862
SMR,2020,hdi,0.845
SRB,2010,hdi,0.767
SRB,2011,hdi,0.777
SRB,2012,hdi,0.78
SRB,2013,hdi,0.785
SRB,2014,hdi,0.788
SRB,2015,hdi,0.794
SRB,2016,hdi,0.8
SRB,2017,hdi,0.802
SRB,2018,hdi,0.808
SRB,2019,hdi,0.811
SRB,2010,hdi,0.767
SRB,2011,hdi,0.777
SRB,2012,hdi,0.78
SRB,2013,hdi,0.785
SRB,2014,hdi,0.788
SRB,2015,hdi,0.794
SRB,2016,hdi,0.8
SRB,2017,hdi,0.802
SRB,2018,hdi,0.808
SRB,2019,hdi,0.811
SRB,2020,hdi,0.804
SSD,2010,hdi,0.43
SSD,2011,hdi,0.433
SSD,2012,hdi,0.397
SSD,2013,hdi,0.411
SSD,2014,hdi,0.41
SSD,2015,hdi,0.412
SSD,2016,hdi,0.402
SSD,2017,hdi,0.395
SSD,2018,hdi,0.395
SSD,2019,hdi,0.393
SSD,2010,hdi,0.43
SSD,2011,hdi,0.433
SSD,2012,hdi,0.397
SSD,2013,hdi,0.411
SSD,2014,hdi,0.41
SSD,2015,hdi,0.412
SSD,2016,hdi,0.402
SSD,2017,hdi,0.395
SSD,2018,hdi,0.395
SSD,2019,hdi,0.393
SSD,2020,hdi,0.386
STP,2010,hdi,0.554
STP,2011,hdi,0.556
STP,2012,hdi,0.562
STP,2013,hdi,0.573
STP,2014,hdi,0.584
STP,2015,hdi,0.596
STP,2016,hdi,0.603
STP,2017,hdi,0.612
STP,2018,hdi,0.617
STP,2019,hdi,0.622
STP,2010,hdi,0.554
STP,2011,hdi,0.556
STP,2012,hdi,0.562
STP,2013,hdi,0.573
STP,2014,hdi,0.584
STP,2015,hdi,0.596
STP,2016,hdi,0.603
STP,2017,hdi,0.612
STP,2018,hdi,0.617
STP,2019,hdi,0.622
STP,2020,hdi,0.619
SUR,2010,hdi,0.723
SUR,2011,hdi,0.728
SUR,2012,hdi,0.731
SUR,2013,hdi,0.734
SUR,2014,hdi,0.736
SUR,2015,hdi,0.744
SUR,2016,hdi,0.747
SUR,2017,hdi,0.75
SUR,2018,hdi,0.755
SUR,2019,hdi,0.755
SUR,2010,hdi,0.723
SUR,2011,hdi,0.728
SUR,2012,hdi,0.731
SUR,2013,hdi,0.734
SUR,2014,hdi,0.736
SUR,2015,hdi,0.744
SUR,2016,hdi,0.747
SUR,2017,hdi,0.75
SUR,2018,hdi,0.755
SUR,2019,hdi,0.755
SUR,2020,hdi,0.743
SVK,2010,hdi,0.84
SVK,2011,hdi,0.844
SVK,2012,hdi,0.845
SVK,2013,hdi,0.848
SVK,2014,hdi,0.849
SVK,2015,hdi,0.851
SVK,2016,hdi,0.854
SVK,2017,hdi,0.856
SVK,2018,hdi,0.859
SVK,2019,hdi,0.862
SVK,2010,hdi,0.84
SVK,2011,hdi,0.844
SVK,2012,hdi,0.845
SVK,2013,hdi,0.848
SVK,2014,hdi,0.849
SVK,2015,hdi,0.851
SVK,2016,hdi,0.854
SVK,2017,hdi,0.856
SVK,2018,hdi,0.859
SVK,2019,hdi,0.862
SVK,2020,hdi,0.857
SVN,2010,hdi,0.89
SVN,2011,hdi,0.892
SVN,2012,hdi,0.891
SVN,2013,hdi,0.9
SVN,2014,hdi,0.902
SVN,2015,hdi,0.903
SVN,2016,hdi,0.91
SVN,2017,hdi,0.913
SVN,2018,hdi,0.917
SVN,2019,hdi,0.921
SVN,2010,hdi,0.89
SVN,2011,hdi,0.892
SVN,2012,hdi,0.891
SVN,2013,hdi,0.9
SVN,2014,hdi,0.902
SVN,2015,hdi,0.903
SVN,2016,hdi,0.91
SVN,2017,hdi,0.913
SVN,2018,hdi,0.917
SVN,2019,hdi,0.921
SVN,2020,hdi,0.913
SWE,2010,hdi,0.91
SWE,2011,hdi,0.911
SWE,2012,hdi,0.911
SWE,2013,hdi,0.932
SWE,2014,hdi,0.935
SWE,2015,hdi,0.937
SWE,2016,hdi,0.939
SWE,2017,hdi,0.941
SWE,2018,hdi,0.942
SWE,2019,hdi,0.947
SWE,2010,hdi,0.91
SWE,2011,hdi,0.911
SWE,2012,hdi,0.911
SWE,2013,hdi,0.932
SWE,2014,hdi,0.935
SWE,2015,hdi,0.937
SWE,2016,hdi,0.939
SWE,2017,hdi,0.941
SWE,2018,hdi,0.942
SWE,2019,hdi,0.947
SWE,2020,hdi,0.942
SWZ,2010,hdi,0.503
SWZ,2011,hdi,0.517
SWZ,2012,hdi,0.531
SWZ,2013,hdi,0.546
SWZ,2014,hdi,0.559
SWZ,2015,hdi,0.575
SWZ,2016,hdi,0.586
SWZ,2017,hdi,0.596
SWZ,2018,hdi,0.607
SWZ,2019,hdi,0.615
SWZ,2010,hdi,0.503
SWZ,2011,hdi,0.517
SWZ,2012,hdi,0.531
SWZ,2013,hdi,0.546
SWZ,2014,hdi,0.559
SWZ,2015,hdi,0.575
SWZ,2016,hdi,0.586
SWZ,2017,hdi,0.596
SWZ,2018,hdi,0.607
SWZ,2019,hdi,0.615
SWZ,2020,hdi,0.61
SYC,2010,hdi,0.776
SYC,2011,hdi,0.766
SYC,2012,hdi,0.786
SYC,2013,hdi,0.787
SYC,2014,hdi,0.796
SYC,2015,hdi,0.796
SYC,2016,hdi,0.796
SYC,2017,hdi,0.796
SYC,2018,hdi,0.8
SYC,2019,hdi,0.802
SYC,2010,hdi,0.776
SYC,2011,hdi,0.766
SYC,2012,hdi,0.786
SYC,2013,hdi,0.787
SYC,2014,hdi,0.796
SYC,2015,hdi,0.796
SYC,2016,hdi,0.796
SYC,2017,hdi,0.796
SYC,2018,hdi,0.8
SYC,2019,hdi,0.802
SYC,2020,hdi,0.793
SYR,2010,hdi,0.66
SYR,2011,hdi,0.691
SYR,2012,hdi,0.65
SYR,2013,hdi,0.573
SYR,2014,hdi,0.553
SYR,2015,hdi,0.556
SYR,2016,hdi,0.56
SYR,2017,hdi,0.572
SYR,2018,hdi,0.58
SYR,2019,hdi,0.584
SYR,2010,hdi,0.66
SYR,2011,hdi,0.691
SYR,2012,hdi,0.65
SYR,2013,hdi,0.573
SYR,2014,hdi,0.553
SYR,2015,hdi,0.556
SYR,2016,hdi,0.56
SYR,2017,hdi,0.572
SYR,2018,hdi,0.58
SYR,2019,hdi,0.584
SYR,2020,hdi,0.577
TCD,2010,hdi,0.362
TCD,2011,hdi,0.372
TCD,2012,hdi,0.381
TCD,2013,hdi,0.386
TCD,2014,hdi,0.393
TCD,2015,hdi,0.389
TCD,2016,hdi,0.391
TCD,2017,hdi,0.393
TCD,2018,hdi,0.398
TCD,2019,hdi,0.403
TCD,2010,hdi,0.362
TCD,2011,hdi,0.372
TCD,2012,hdi,0.381
TCD,2013,hdi,0.386
TCD,2014,hdi,0.393
TCD,2015,hdi,0.389
TCD,2016,hdi,0.391
TCD,2017,hdi,0.393
TCD,2018,hdi,0.398
TCD,2019,hdi,0.403
TCD,2020,hdi,0.397
TGO,2010,hdi,0.477
TGO,2011,hdi,0.487
TGO,2012,hdi,0.491
TGO,2013,hdi,0.499
TGO,2014,hdi,0.505
TGO,2015,hdi,0.514
TGO,2016,hdi,0.518
TGO,2017,hdi,0.524
TGO,2018,hdi,0.528
TGO,2019,hdi,0.535
TGO,2010,hdi,0.477
TGO,2011,hdi,0.487
TGO,2012,hdi,0.491
TGO,2013,hdi,0.499
TGO,2014,hdi,0.505
TGO,2015,hdi,0.514
TGO,2016,hdi,0.518
TGO,2017,hdi,0.524
TGO,2018,hdi,0.528
TGO,2019,hdi,0.535
TGO,2020,hdi,0.535
THA,2010,hdi,0.737
THA,2011,hdi,0.743
THA,2012,hdi,0.746
THA,2013,hdi,0.747
THA,2014,hdi,0.778
THA,2015,hdi,0.781
THA,2016,hdi,0.785
THA,2017,hdi,0.79
THA,2018,hdi,0.795
THA,2019,hdi,0.804
THA,2010,hdi,0.737
THA,2011,hdi,0.743
THA,2012,hdi,0.746
THA,2013,hdi,0.747
THA,2014,hdi,0.778
THA,2015,hdi,0.781
THA,2016,hdi,0.785
THA,2017,hdi,0.79
THA,2018,hdi,0.795
THA,2019,hdi,0.804
THA,2020,hdi,0.802
TJK,2010,hdi,0.636
TJK,2011,hdi,0.635
TJK,2012,hdi,0.643
TJK,2013,hdi,0.656
TJK,2014,hdi,0.656
TJK,2015,hdi,0.657
TJK,2016,hdi,0.66
TJK,2017,hdi,0.665
TJK,2018,hdi,0.671
TJK,2019,hdi,0.676
TJK,2010,hdi,0.636
TJK,2011,hdi,0.635
TJK,2012,hdi,0.643
TJK,2013,hdi,0.656
TJK,2014,hdi,0.656
TJK,2015,hdi,0.657
TJK,2016,hdi,0.66
TJK,2017,hdi,0.665
TJK,2018,hdi,0.671
TJK,2019,hdi,0.676
TJK,2020,hdi,0.664
TKM,2010,hdi,0.711
TKM,2011,hdi,0.72
TKM,2012,hdi,0.727
TKM,2013,hdi,0.73
TKM,2014,hdi,0.734
TKM,2015,hdi,0.74
TKM,2016,hdi,0.742
TKM,2017,hdi,0.741
TKM,2018,hdi,0.746
TKM,2019,hdi,0.742
TKM,2010,hdi,0.711
TKM,2011,hdi,0.72
TKM,2012,hdi,0.727
TKM,2013,hdi,0.73
TKM,2014,hdi,0.734
TKM,2015,hdi,0.74
TKM,2016,hdi,0.742
TKM,2017,hdi,0.741
TKM,2018,hdi,0.746
TKM,2019,hdi,0.742
TKM,2020,hdi,0.741
TLS,2010,hdi,0.619
TLS,2011,hdi,0.638
TLS,2012,hdi,0.635
TLS,2013,hdi,0.63
TLS,2014,hdi,0.622
TLS,2015,hdi,0.614
TLS,2016,hdi,0.604
TLS,2017,hdi,0.606
TLS,2018,hdi,0.605
TLS,2019,hdi,0.614
TLS,2010,hdi,0.619
TLS,2011,hdi,0.638
TLS,2012,hdi,0.635
TLS,2013,hdi,0.63
TLS,2014,hdi,0.622
TLS,2015,hdi,0.614
TLS,2016,hdi,0.604
TLS,2017,hdi,0.606
TLS,2018,hdi,0.605
TLS,2019,hdi,0.614
TLS,2020,hdi,0.614
TON,2010,hdi,0.713
TON,2011,hdi,0.72
TON,2012,hdi,0.723
TON,2013,hdi,0.725
TON,2014,hdi,0.727
TON,2015,hdi,0.73
TON,2016,hdi,0.735
TON,2017,hdi,0.74
TON,2018,hdi,0.742
TON,2019,hdi,0.744
TON,2010,hdi,0.713
TON,2011,hdi,0.72
TON,2012,hdi,0.723
TON,2013,hdi,0.725
TON,2014,hdi,0.727
TON,2015,hdi,0.73
TON,2016,hdi,0.735
TON,2017,hdi,0.74
TON,2018,hdi,0.742
TON,2019,hdi,0.744
TON,2020,hdi,0.745
TTO,2010,hdi,0.79
TTO,2011,hdi,0.794
TTO,2012,hdi,0.8
TTO,2013,hdi,0.806
TTO,2014,hdi,0.809
TTO,2015,hdi,0.816
TTO,2016,hdi,0.815
TTO,2017,hdi,0.817
TTO,2018,hdi,0.815
TTO,2019,hdi,0.821
TTO,2010,hdi,0.79
TTO,2011,hdi,0.794
TTO,2012,hdi,0.8
TTO,2013,hdi,0.806
TTO,2014,hdi,0.809
TTO,2015,hdi,0.816
TTO,2016,hdi,0.815
TTO,2017,hdi,0.817
TTO,2018,hdi,0.815
TTO,2019,hdi,0.821
TTO,2020,hdi,0.818
TUN,2010,hdi,0.72
TUN,2011,hdi,0.722
TUN,2012,hdi,0.724
TUN,2013,hdi,0.727
TUN,2014,hdi,0.73
TUN,2015,hdi,0.733
TUN,2016,hdi,0.737
TUN,2017,hdi,0.74
TUN,2018,hdi,0.743
TUN,2019,hdi,0.745
TUN,2010,hdi,0.72
TUN,2011,hdi,0.722
TUN,2012,hdi,0.724
TUN,2013,hdi,0.727
TUN,2014,hdi,0.73
TUN,2015,hdi,0.733
TUN,2016,hdi,0.737
TUN,2017,hdi,0.74
TUN,2018,hdi,0.743
TUN,2019,hdi,0.745
TUN,2020,hdi,0.737
TUR,2010,hdi,0.749
TUR,2011,hdi,0.762
TUR,2012,hdi,0.769
TUR,2013,hdi,0.799
TUR,2014,hdi,0.809
TUR,2015,hdi,0.817
TUR,2016,hdi,0.823
TUR,2017,hdi,0.833
TUR,2018,hdi,0.839
TUR,2019,hdi,0.842
TUR,2010,hdi,0.749
TUR,2011,hdi,0.762
TUR,2012,hdi,0.769
TUR,2013,hdi,0.799
TUR,2014,hdi,0.809
TUR,2015,hdi,0.817
TUR,2016,hdi,0.823
TUR,2017,hdi,0.833
TUR,2018,hdi,0.839
TUR,2019,hdi,0.842
TUR,2020,hdi,0.833
TUV,2010,hdi,0.616
TUV,2011,hdi,0.616
TUV,2012,hdi,0.624
TUV,2013,hdi,0.628
TUV,2014,hdi,0.627
TUV,2015,hdi,0.643
TUV,2016,hdi,0.636
TUV,2017,hdi,0.634
TUV,2018,hdi,0.642
TUV,2019,hdi,0.635
TUV,2010,hdi,0.616
TUV,2011,hdi,0.616
TUV,2012,hdi,0.624
TUV,2013,hdi,0.628
TUV,2014,hdi,0.627
TUV,2015,hdi,0.643
TUV,2016,hdi,0.636
TUV,2017,hdi,0.634
TUV,2018,hdi,0.642
TUV,2019,hdi,0.635
TUV,2020,hdi,0.639
TZA,2010,hdi,0.493
TZA,2011,hdi,0.499
TZA,2012,hdi,0.504
TZA,2013,hdi,0.51
TZA,2014,hdi,0.515
TZA,2015,hdi,0.52
TZA,2016,hdi,0.524
TZA,2017,hdi,0.528
TZA,2018,hdi,0.538
TZA,2019,hdi,0.548
TZA,2010,hdi,0.493
TZA,2011,hdi,0.499
TZA,2012,hdi,0.504
TZA,2013,hdi,0.51
TZA,2014,hdi,0.515
TZA,2015,hdi,0.52
TZA,2016,hdi,0.524
TZA,2017,hdi,0.528
TZA,2018,hdi,0.538
TZA,2019,hdi,0.548
TZA,2020,hdi,0.548
UGA,2010,hdi,0.502
UGA,2011,hdi,0.506
UGA,2012,hdi,0.504
UGA,2013,hdi,0.509
UGA,2014,hdi,0.512
UGA,2015,hdi,0.517
UGA,2016,hdi,0.519
UGA,2017,hdi,0.52
UGA,2018,hdi,0.522
UGA,2019,hdi,0.525
UGA,2010,hdi,0.502
UGA,2011,hdi,0.506
UGA,2012,hdi,0.504
UGA,2013,hdi,0.509
UGA,2014,hdi,0.512
UGA,2015,hdi,0.517
UGA,2016,hdi,0.519
UGA,2017,hdi,0.52
UGA,2018,hdi,0.522
UGA,2019,hdi,0.525
UGA,2020,hdi,0.524
UKR,2010,hdi,0.764
UKR,2011,hdi,0.769
UKR,2012,hdi,0.773
UKR,2013,hdi,0.773
UKR,2014,hdi,0.773
UKR,2015,hdi,0.774
UKR,2016,hdi,0.779
UKR,2017,hdi,0.782
UKR,2018,hdi,0.783
UKR,2019,hdi,0.786
UKR,2010,hdi,0.764
UKR,2011,hdi,0.769
UKR,2012,hdi,0.773
UKR,2013,hdi,0.773
UKR,2014,hdi,0.773
UKR,2015,hdi,0.774
UKR,2016,hdi,0.779
UKR,2017,hdi,0.782
UKR,2018,hdi,0.783
UKR,2019,hdi,0.786
UKR,2020,hdi,0.775
URY,2010,hdi,0.787
URY,2011,hdi,0.794
URY,2012,hdi,0.798
URY,2013,hdi,0.805
URY,2014,hdi,0.808
URY,2015,hdi,0.811
URY,2016,hdi,0.815
URY,2017,hdi,0.819
URY,2018,hdi,0.819
URY,2019,hdi,0.821
URY,2010,hdi,0.787
URY,2011,hdi,0.794
URY,2012,hdi,0.798
URY,2013,hdi,0.805
URY,2014,hdi,0.808
URY,2015,hdi,0.811
URY,2016,hdi,0.815
URY,2017,hdi,0.819
URY,2018,hdi,0.819
URY,2019,hdi,0.821
URY,2020,hdi,0.821
USA,2010,hdi,0.911
USA,2011,hdi,0.913
USA,2012,hdi,0.916
USA,2013,hdi,0.917
USA,2014,hdi,0.919
USA,2015,hdi,0.92
USA,2016,hdi,0.922
USA,2017,hdi,0.924
USA,2018,hdi,0.927
USA,2019,hdi,0.93
USA,2010,hdi,0.911
USA,2011,hdi,0.913
USA,2012,hdi,0.916
USA,2013,hdi,0.917
USA,2014,hdi,0.919
USA,2015,hdi,0.92
USA,2016,hdi,0.922
USA,2017,hdi,0.924
USA,2018,hdi,0.927
USA,2019,hdi,0.93
USA,2020,hdi,0.92
UZB,2010,hdi,0.673
UZB,2011,hdi,0.68
UZB,2012,hdi,0.687
UZB,2013,hdi,0.693
UZB,2014,hdi,0.698
UZB,2015,hdi,0.701
UZB,2016,hdi,0.709
UZB,2017,hdi,0.715
UZB,2018,hdi,0.72
UZB,2019,hdi,0.726
UZB,2010,hdi,0.673
UZB,2011,hdi,0.68
UZB,2012,hdi,0.687
UZB,2013,hdi,0.693
UZB,2014,hdi,0.698
UZB,2015,hdi,0.701
UZB,2016,hdi,0.709
UZB,2017,hdi,0.715
UZB,2018,hdi,0.72
UZB,2019,hdi,0.726
UZB,2020,hdi,0.721
VCT,2010,hdi,0.734
VCT,2011,hdi,0.736
VCT,2012,hdi,0.737
VCT,2013,hdi,0.743
VCT,2014,hdi,0.752
VCT,2015,hdi,0.759
VCT,2016,hdi,0.765
VCT,2017,hdi,0.774
VCT,2018,hdi,0.775
VCT,2019,hdi,0.769
VCT,2010,hdi,0.734
VCT,2011,hdi,0.736
VCT,2012,hdi,0.737
VCT,2013,hdi,0.743
VCT,2014,hdi,0.752
VCT,2015,hdi,0.759
VCT,2016,hdi,0.765
VCT,2017,hdi,0.774
VCT,2018,hdi,0.775
VCT,2019,hdi,0.769
VCT,2020,hdi,0.764
VEN,2010,hdi,0.755
VEN,2011,hdi,0.762
VEN,2012,hdi,0.767
VEN,2013,hdi,0.774
VEN,2014,hdi,0.77
VEN,2015,hdi,0.767
VEN,2016,hdi,0.757
VEN,2017,hdi,0.744
VEN,2018,hdi,0.738
VEN,2019,hdi,0.721
VEN,2010,hdi,0.755
VEN,2011,hdi,0.762
VEN,2012,hdi,0.767
VEN,2013,hdi,0.774
VEN,2014,hdi,0.77
VEN,2015,hdi,0.767
VEN,2016,hdi,0.757
VEN,2017,hdi,0.744
VEN,2018,hdi,0.738
VEN,2019,hdi,0.721
VEN,2020,hdi,0.695
VNM,2010,hdi,0.663
VNM,2011,hdi,0.668
VNM,2012,hdi,0.672
VNM,2013,hdi,0.676
VNM,2014,hdi,0.68
VNM,2015,hdi,0.684
VNM,2016,hdi,0.688
VNM,2017,hdi,0.692
VNM,2018,hdi,0.697
VNM,2019,hdi,0.703
VNM,2010,hdi,0.663
VNM,2011,hdi,0.668
VNM,2012,hdi,0.672
VNM,2013,hdi,0.676
VNM,2014,hdi,0.68
VNM,2015,hdi,0.684
VNM,2016,hdi,0.688
VNM,2017,hdi,0.692
VNM,2018,hdi,0.697
VNM,2019,hdi,0.703
VNM,2020,hdi,0.71
VUT,2010,hdi,0.591
VUT,2011,hdi,0.593
VUT,2012,hdi,0.59
VUT,2013,hdi,0.593
VUT,2014,hdi,0.595
VUT,2015,hdi,0.595
VUT,2016,hdi,0.596
VUT,2017,hdi,0.599
VUT,2018,hdi,0.603
VUT,2019,hdi,0.611
VUT,2010,hdi,0.591
VUT,2011,hdi,0.593
VUT,2012,hdi,0.59
VUT,2013,hdi,0.593
VUT,2014,hdi,0.595
VUT,2015,hdi,0.595
VUT,2016,hdi,0.596
VUT,2017,hdi,0.599
VUT,2018,hdi,0.603
VUT,2019,hdi,0.611
VUT,2020,hdi,0.608
WSM,2010,hdi,0.713
WSM,2011,hdi,0.713
WSM,2012,hdi,0.709
WSM,2013,hdi,0.71
WSM,2014,hdi,0.711
WSM,2015,hdi,0.716
WSM,2016,hdi,0.717
WSM,2017,hdi,0.716
WSM,2018,hdi,0.716
WSM,2019,hdi,0.715
WSM,2010,hdi,0.713
WSM,2011,hdi,0.713
WSM,2012,hdi,0.709
WSM,2013,hdi,0.71
WSM,2014,hdi,0.711
WSM,2015,hdi,0.716
WSM,2016,hdi,0.717
WSM,2017,hdi,0.716
WSM,2018,hdi,0.716
WSM,2019,hdi,0.715
WSM,2020,hdi,0.712
YEM,2010,hdi,0.51
YEM,2011,hdi,0.509
YEM,2012,hdi,0.512
YEM,2013,hdi,0.513
YEM,2014,hdi,0.505
YEM,2015,hdi,0.477
YEM,2016,hdi,0.467
YEM,2017,hdi,0.459
YEM,2018,hdi,0.459
YEM,2019,hdi,0.461
YEM,2010,hdi,0.51
YEM,2011,hdi,0.509
YEM,2012,hdi,0.512
YEM,2013,hdi,0.513
YEM,2014,hdi,0.505
YEM,2015,hdi,0.477
YEM,2016,hdi,0.467
YEM,2017,hdi,0.459
YEM,2018,hdi,0.459
YEM,2019,hdi,0.461
YEM,2020,hdi,0.46
ZAF,2010,hdi,0.675
ZAF,2011,hdi,0.686
ZAF,2012,hdi,0.696
ZAF,2013,hdi,0.704
ZAF,2014,hdi,0.712
ZAF,2015,hdi,0.716
ZAF,2016,hdi,0.719
ZAF,2017,hdi,0.72
ZAF,2018,hdi,0.726
ZAF,2019,hdi,0.736
ZAF,2010,hdi,0.675
ZAF,2011,hdi,0.686
ZAF,2012,hdi,0.696
ZAF,2013,hdi,0.704
ZAF,2014,hdi,0.712
ZAF,2015,hdi,0.716
ZAF,2016,hdi,0.719
ZAF,2017,hdi,0.72
ZAF,2018,hdi,0.726
ZAF,2019,hdi,0.736
ZAF,2020,hdi,0.727
ZMB,2010,hdi,0.529
ZMB,2011,hdi,0.534
ZMB,2012,hdi,0.548
ZMB,2013,hdi,0.554
ZMB,2014,hdi,0.557
ZMB,2015,hdi,0.562
ZMB,2016,hdi,0.564
ZMB,2017,hdi,0.568
ZMB,2018,hdi,0.572
ZMB,2019,hdi,0.575
ZMB,2010,hdi,0.529
ZMB,2011,hdi,0.534
ZMB,2012,hdi,0.548
ZMB,2013,hdi,0.554
ZMB,2014,hdi,0.557
ZMB,2015,hdi,0.562
ZMB,2016,hdi,0.564
ZMB,2017,hdi,0.568
ZMB,2018,hdi,0.572
ZMB,2019,hdi,0.575
ZMB,2020,hdi,0.57
ZWE,2010,hdi,0.512
ZWE,2011,hdi,0.535
ZWE,2012,hdi,0.557
ZWE,2013,hdi,0.567
ZWE,2014,hdi,0.576
ZWE,2015,hdi,0.582
ZWE,2016,hdi,0.588
ZWE,2017,hdi,0.594
ZWE,2018,hdi,0.602
ZWE,2019,hdi,0.601
ZWE,2010,hdi,0.512
ZWE,2011,hdi,0.535
ZWE,2012,hdi,0.557
ZWE,2013,hdi,0.567
ZWE,2014,hdi,0.576
ZWE,2015,hdi,0.582
ZWE,2016,hdi,0.588
ZWE,2017,hdi,0.594
ZWE,2018,hdi,0.602
ZWE,2019,hdi,0.601
ZWE,2020,hdi,0.6
ZZA.VHHD,2010,hdi,0.868
ZZA.VHHD,2011,hdi,0.872
ZZA.VHHD,2012,hdi,0.875
ZZA.VHHD,2013,hdi,0.881
ZZA.VHHD,2014,hdi,0.886
ZZA.VHHD,2015,hdi,0.889
ZZA.VHHD,2016,hdi,0.892
ZZA.VHHD,2017,hdi,0.895
ZZA.VHHD,2018,hdi,0.898
ZZA.VHHD,2019,hdi,0.902
ZZA.VHHD,2010,hdi,0.868
ZZA.VHHD,2011,hdi,0.872
ZZA.VHHD,2012,hdi,0.875
ZZA.VHHD,2013,hdi,0.881
ZZA.VHHD,2014,hdi,0.886
ZZA.VHHD,2015,hdi,0.889
ZZA.VHHD,2016,hdi,0.892
ZZA.VHHD,2017,hdi,0.895
ZZA.VHHD,2018,hdi,0.898
ZZA.VHHD,2019,hdi,0.902
ZZA.VHHD,2020,hdi,0.895
ZZB.HHD,2010,hdi,0.7
ZZB.HHD,2011,hdi,0.708
ZZB.HHD,2012,hdi,0.715
ZZB.HHD,2013,hdi,0.722
ZZB.HHD,2014,hdi,0.728
ZZB.HHD,2015,hdi,0.734
ZZB.HHD,2016,hdi,0.739
ZZB.HHD,2017,hdi,0.745
ZZB.HHD,2018,hdi,0.751
ZZB.HHD,2019,hdi,0.756
ZZB.HHD,2010,hdi,0.7
ZZB.HHD,2011,hdi,0.708
ZZB.HHD,2012,hdi,0.715
ZZB.HHD,2013,hdi,0.722
ZZB.HHD,2014,hdi,0.728
ZZB.HHD,2015,hdi,0.734
ZZB.HHD,2016,hdi,0.739
ZZB.HHD,2017,hdi,0.745
ZZB.HHD,2018,hdi,0.751
ZZB.HHD,2019,hdi,0.756
ZZB.HHD,2020,hdi,0.753
ZZC.MHD,2010,hdi,0.582
ZZC.MHD,2011,hdi,0.594
ZZC.MHD,2012,hdi,0.602
ZZC.MHD,2013,hdi,0.609
ZZC.MHD,2014,hdi,0.618
ZZC.MHD,2015,hdi,0.627
ZZC.MHD,2016,hdi,0.636
ZZC.MHD,2017,hdi,0.64
ZZC.MHD,2018,hdi,0.643
ZZC.MHD,2019,hdi,0.645
ZZC.MHD,2010,hdi,0.582
ZZC.MHD,2011,hdi,0.594
ZZC.MHD,2012,hdi,0.602
ZZC.MHD,2013,hdi,0.609
ZZC.MHD,2014,hdi,0.618
ZZC.MHD,2015,hdi,0.627
ZZC.MHD,2016,hdi,0.636
ZZC.MHD,2017,hdi,0.64
ZZC.MHD,2018,hdi,0.643
ZZC.MHD,2019,hdi,0.645
ZZC.MHD,2020,hdi,0.642
ZZD.LHD,2010,hdi,0.477
ZZD.LHD,2011,hdi,0.484
ZZD.LHD,2012,hdi,0.489
ZZD.LHD,2013,hdi,0.495
ZZD.LHD,2014,hdi,0.501
ZZD.LHD,2015,hdi,0.506
ZZD.LHD,2016,hdi,0.51
ZZD.LHD,2017,hdi,0.514
ZZD.LHD,2018,hdi,0.518
ZZD.LHD,2019,hdi,0.522
ZZD.LHD,2010,hdi,0.477
ZZD.LHD,2011,hdi,0.484
ZZD.LHD,2012,hdi,0.489
ZZD.LHD,2013,hdi,0.495
ZZD.LHD,2014,hdi,0.501
ZZD.LHD,2015,hdi,0.506
ZZD.LHD,2016,hdi,0.51
ZZD.LHD,2017,hdi,0.514
ZZD.LHD,2018,hdi,0.518
ZZD.LHD,2019,hdi,0.522
ZZD.LHD,2020,hdi,0.519
ZZE.AS,2010,hdi,0.676
ZZE.AS,2011,hdi,0.683
ZZE.AS,2012,hdi,0.688
ZZE.AS,2013,hdi,0.689
ZZE.AS,2014,hdi,0.692
ZZE.AS,2015,hdi,0.697
ZZE.AS,2016,hdi,0.701
ZZE.AS,2017,hdi,0.706
ZZE.AS,2018,hdi,0.711
ZZE.AS,2019,hdi,0.715
ZZE.AS,2010,hdi,0.676
ZZE.AS,2011,hdi,0.683
ZZE.AS,2012,hdi,0.688
ZZE.AS,2013,hdi,0.689
ZZE.AS,2014,hdi,0.692
ZZE.AS,2015,hdi,0.697
ZZE.AS,2016,hdi,0.701
ZZE.AS,2017,hdi,0.706
ZZE.AS,2018,hdi,0.711
ZZE.AS,2019,hdi,0.715
ZZE.AS,2020,hdi,0.708
ZZF.EAP,2010,hdi,0.684
ZZF.EAP,2011,hdi,0.692
ZZF.EAP,2012,hdi,0.7
ZZF.EAP,2013,hdi,0.707
ZZF.EAP,2014,hdi,0.715
ZZF.EAP,2015,hdi,0.722
ZZF.EAP,2016,hdi,0.728
ZZF.EAP,2017,hdi,0.734
ZZF.EAP,2018,hdi,0.741
ZZF.EAP,2019,hdi,0.748
ZZF.EAP,2010,hdi,0.684
ZZF.EAP,2011,hdi,0.692
ZZF.EAP,2012,hdi,0.7
ZZF.EAP,2013,hdi,0.707
ZZF.EAP,2014,hdi,0.715
ZZF.EAP,2015,hdi,0.722
ZZF.EAP,2016,hdi,0.728
ZZF.EAP,2017,hdi,0.734
ZZF.EAP,2018,hdi,0.741
ZZF.EAP,2019,hdi,0.748
ZZF.EAP,2020,hdi,0.748
ZZG.ECA,2010,hdi,0.746
ZZG.ECA,2011,hdi,0.754
ZZG.ECA,2012,hdi,0.76
ZZG.ECA,2013,hdi,0.772
ZZG.ECA,2014,hdi,0.778
ZZG.ECA,2015,hdi,0.783
ZZG.ECA,2016,hdi,0.788
ZZG.ECA,2017,hdi,0.794
ZZG.ECA,2018,hdi,0.798
ZZG.ECA,2019,hdi,0.802
ZZG.ECA,2010,hdi,0.746
ZZG.ECA,2011,hdi,0.754
ZZG.ECA,2012,hdi,0.76
ZZG.ECA,2013,hdi,0.772
ZZG.ECA,2014,hdi,0.778
ZZG.ECA,2015,hdi,0.783
ZZG.ECA,2016,hdi,0.788
ZZG.ECA,2017,hdi,0.794
ZZG.ECA,2018,hdi,0.798
ZZG.ECA,2019,hdi,0.802
ZZG.ECA,2020,hdi,0.793
ZZH.LAC,2010,hdi,0.733
ZZH.LAC,2011,hdi,0.74
ZZH.LAC,2012,hdi,0.744
ZZH.LAC,2013,hdi,0.753
ZZH.LAC,2014,hdi,0.756
ZZH.LAC,2015,hdi,0.758
ZZH.LAC,2016,hdi,0.761
ZZH.LAC,2017,hdi,0.763
ZZH.LAC,2018,hdi,0.766
ZZH.LAC,2019,hdi,0.768
ZZH.LAC,2010,hdi,0.733
ZZH.LAC,2011,hdi,0.74
ZZH.LAC,2012,hdi,0.744
ZZH.LAC,2013,hdi,0.753
ZZH.LAC,2014,hdi,0.756
ZZH.LAC,2015,hdi,0.758
ZZH.LAC,2016,hdi,0.761
ZZH.LAC,2017,hdi,0.763
ZZH.LAC,2018,hdi,0.766
ZZH.LAC,2019,hdi,0.768
ZZH.LAC,2020,hdi,0.755
ZZI.SA,2010,hdi,0.576
ZZI.SA,2011,hdi,0.587
ZZI.SA,2012,hdi,0.596
ZZI.SA,2013,hdi,0.603
ZZI.SA,2014,hdi,0.614
ZZI.SA,2015,hdi,0.623
ZZI.SA,2016,hdi,0.633
ZZI.SA,2017,hdi,0.638
ZZI.SA,2018,hdi,0.64
ZZI.SA,2019,hdi,0.641
ZZI.SA,2010,hdi,0.576
ZZI.SA,2011,hdi,0.587
ZZI.SA,2012,hdi,0.596
ZZI.SA,2013,hdi,0.603
ZZI.SA,2014,hdi,0.614
ZZI.SA,2015,hdi,0.623
ZZI.SA,2016,hdi,0.633
ZZI.SA,2017,hdi,0.638
ZZI.SA,2018,hdi,0.64
ZZI.SA,2019,hdi,0.641
ZZI.SA,2020,hdi,0.638
ZZJ.SSA,2010,hdi,0.503
ZZJ.SSA,2011,hdi,0.51
ZZJ.SSA,2012,hdi,0.516
ZZJ.SSA,2013,hdi,0.523
ZZJ.SSA,2014,hdi,0.529
ZZJ.SSA,2015,hdi,0.534
ZZJ.SSA,2016,hdi,0.539
ZZJ.SSA,2017,hdi,0.542
ZZJ.SSA,2018,hdi,0.547
ZZJ.SSA,2019,hdi,0.552
ZZJ.SSA,2010,hdi,0.503
ZZJ.SSA,2011,hdi,0.51
ZZJ.SSA,2012,hdi,0.516
ZZJ.SSA,2013,hdi,0.523
ZZJ.SSA,2014,hdi,0.529
ZZJ.SSA,2015,hdi,0.534
ZZJ.SSA,2016,hdi,0.539
ZZJ.SSA,2017,hdi,0.542
ZZJ.SSA,2018,hdi,0.547
ZZJ.SSA,2019,hdi,0.552
ZZJ.SSA,2020,hdi,0.549
ZZK.WORLD,2010,hdi,0.697
ZZK.WORLD,2011,hdi,0.704
ZZK.WORLD,2012,hdi,0.709
ZZK.WORLD,2013,hdi,0.714
ZZK.WORLD,2014,hdi,0.72
ZZK.WORLD,2015,hdi,0.724
ZZK.WORLD,2016,hdi,0.729
ZZK.WORLD,2017,hdi,0.733
ZZK.WORLD,2018,hdi,0.736
ZZK.WORLD,2019,hdi,0.739
ZZK.WORLD,2010,hdi,0.697
ZZK.WORLD,2011,hdi,0.704
ZZK.WORLD,2012,hdi,0.709
ZZK.WORLD,2013,hdi,0.714
ZZK.WORLD,2014,hdi,0.72
ZZK.WORLD,2015,hdi,0.724
ZZK.WORLD,2016,hdi,0.729
ZZK.WORLD,2017,hdi,0.733
ZZK.WORLD,2018,hdi,0.736
ZZK.WORLD,2019,hdi,0.739
ZZK.WORLD,2020,hdi,0.735
